Region,VM_Size,vCPU,RAM_GB,Nodes,Spark_Version,Java_Version,Dataset,Dataset_Size_MB,Workload,Run_Number,Timestamp,Runtime_Minutes,CPU_Avg_Pct,Cost_USD,Exit_Status
centralindia,Standard_D4ds_v4,4,16,4,3.5.1,17.0.19,3072MB.csv,3072,cpu,1,2026-07-24T19:27:13.602019+00:00,0.6953,17.45,0.0113,SUCCESS
centralindia,Standard_D4ds_v4,4,16,4,3.5.1,17.0.19,3072MB.csv,3072,cpu,2,2026-07-24T19:28:02.026244+00:00,0.7052,19.62,0.0115,SUCCESS
centralindia,Standard_D4ds_v4,4,16,4,3.5.1,17.0.19,3072MB.csv,3072,memory,1,2026-07-24T19:29:08.469425+00:00,1.045,17.41,0.017,SUCCESS
centralindia,Standard_D4ds_v4,4,16,4,3.5.1,17.0.19,3072MB.csv,3072,memory,2,2026-07-24T19:30:14.881387+00:00,1.047,15.97,0.017,SUCCESS
centralindia,Standard_D4ds_v4,4,16,4,3.5.1,17.0.19,3072MB.csv,3072,io,1,2026-07-24T19:33:15.647191+00:00,2.9888,90.15,0.0486,SUCCESS
centralindia,Standard_D4ds_v4,4,16,4,3.5.1,17.0.19,3072MB.csv,3072,io,2,2026-07-24T19:36:10.468586+00:00,2.8367,86.4,0.0461,SUCCESS
centralindia,Standard_D4ds_v4,4,16,4,3.5.1,17.0.19,5120MB.csv,5120,cpu,1,2026-07-24T19:40:00.106311+00:00,1.0062,11.31,0.0164,SUCCESS
centralindia,Standard_D4ds_v4,4,16,4,3.5.1,17.0.19,5120MB.csv,5120,cpu,2,2026-07-24T19:41:06.531659+00:00,1.0164,15.91,0.0165,SUCCESS
centralindia,Standard_D4ds_v4,4,16,4,3.5.1,17.0.19,5120MB.csv,5120,memory,1,2026-07-24T19:42:42.997061+00:00,1.5971,9.65,0.026,SUCCESS
centralindia,Standard_D4ds_v4,4,16,4,3.5.1,17.0.19,5120MB.csv,5120,memory,2,2026-07-24T19:44:19.482557+00:00,1.5155,13.48,0.0247,SUCCESS
centralindia,Standard_D4ds_v4,4,16,4,3.5.1,17.0.19,5120MB.csv,5120,io,1,2026-07-24T19:48:02.212562+00:00,3.7042,95.75,0.0603,FAILED
centralindia,Standard_D4ds_v4,4,16,4,3.5.1,17.0.19,5120MB.csv,5120,io,2,2026-07-24T19:51:50.878835+00:00,3.752,96.05,0.061,FAILED
