workload_type,dataset_size_mb,cloud,region,machine_type,nodes,electricity_zone,runs,runtime_minutes,cost_usd,energy_kwh,emissions_gco2eq,carbon_intensity_mean,renewable_percentage_mean,power_w,pue
cpu-heavy,10,AWS,ap-south-1,c5.xlarge,2,IN-WE,2,0.75575,0.004282,0.000238,0.175937,643.324219,18.929688,9.44,1.15
cpu-heavy,10,AWS,ap-south-1,c5.xlarge,4,IN-WE,6,0.906972,0.010279,0.000571,0.422282,643.324219,18.929688,9.44,1.15
cpu-heavy,10,AWS,ap-south-1,c5a.xlarge,2,IN-WE,4,0.697112,0.002184,0.000101,0.074438,643.324219,18.929688,4.33,1.15
cpu-heavy,10,AWS,ap-south-1,c5a.xlarge,4,IN-WE,2,0.755516,0.006212,0.000218,0.16135,643.324219,18.929688,4.33,1.15
cpu-heavy,10,AWS,ap-south-1,c6i.xlarge,2,IN-WE,2,0.638542,0.003618,0.000196,0.145029,643.324219,18.929688,9.21,1.15
cpu-heavy,10,AWS,ap-south-1,c6i.xlarge,4,IN-WE,4,0.947537,0.011845,0.000582,0.43042,643.324219,18.929688,9.21,1.15
cpu-heavy,10,AWS,ap-south-1,m5.xlarge,2,IN-WE,4,0.848171,0.005568,0.000267,0.197452,643.324219,18.929688,9.44,1.15
cpu-heavy,10,AWS,ap-south-1,m5.xlarge,4,IN-WE,4,1.015204,0.013325,0.000639,0.472674,643.324219,18.929688,9.44,1.15
cpu-heavy,10,AWS,ap-south-1,m5a.xlarge,2,IN-WE,3,1.042933,0.003859,0.000235,0.173607,643.324219,18.929688,6.75,1.15
cpu-heavy,10,AWS,ap-south-1,m5a.xlarge,4,IN-WE,2,1.174884,0.01088,0.000529,0.391143,643.324219,18.929688,6.75,1.15
cpu-heavy,10,AWS,ap-south-1,m6i.xlarge,2,IN-WE,4,0.746846,0.005028,0.000229,0.169628,643.324219,18.929688,9.21,1.15
cpu-heavy,10,AWS,ap-south-1,m6i.xlarge,4,IN-WE,3,0.805767,0.010851,0.000495,0.366021,643.324219,18.929688,9.21,1.15
cpu-heavy,10,AWS,ap-southeast-1,c5.xlarge,2,SG,2,0.906284,0.005921,0.000285,0.157648,480.703125,5.832031,9.44,1.15
cpu-heavy,10,AWS,ap-southeast-1,c5.xlarge,4,SG,2,1.106525,0.013327,0.000696,0.384961,480.703125,5.832031,9.44,1.15
cpu-heavy,10,AWS,ap-southeast-1,c5a.xlarge,2,SG,3,0.760839,0.004464,0.00011,0.060706,480.703125,5.832031,4.33,1.15
cpu-heavy,10,AWS,ap-southeast-1,c5a.xlarge,4,SG,3,0.994939,0.011674,0.000287,0.15877,480.703125,5.832031,4.33,1.15
cpu-heavy,10,AWS,ap-southeast-1,c6i.xlarge,2,SG,2,0.68945,0.004504,0.000212,0.117008,480.703125,5.832031,9.21,1.15
cpu-heavy,10,AWS,ap-southeast-1,c6i.xlarge,4,SG,4,0.940046,0.012196,0.000577,0.319075,480.703125,5.832031,9.21,1.15
cpu-heavy,10,AWS,ap-southeast-1,m5.xlarge,2,SG,2,0.905634,0.006494,0.000285,0.157535,480.703125,5.832031,9.44,1.15
cpu-heavy,10,AWS,ap-southeast-1,m5.xlarge,4,SG,4,1.082,0.016425,0.000681,0.376429,480.703125,5.832031,9.44,1.15
cpu-heavy,10,AWS,ap-southeast-1,m5a.xlarge,2,SG,3,1.130772,0.008142,0.000254,0.140648,480.703125,5.832031,6.75,1.15
cpu-heavy,10,AWS,ap-southeast-1,m5a.xlarge,4,SG,1,1.34365,0.019349,0.000605,0.334252,480.703125,5.832031,6.75,1.15
cpu-heavy,10,AWS,ap-southeast-1,m6i.xlarge,2,SG,1,0.7399,0.005919,0.000227,0.12557,480.703125,5.832031,9.21,1.15
cpu-heavy,10,AWS,ap-southeast-1,m6i.xlarge,4,SG,4,0.930871,0.014894,0.000572,0.31596,480.703125,5.832031,9.21,1.15
cpu-heavy,10,Azure,Central India,Standard_D2as_v4,2,IN-WE,2,0.2741,0.0006,2e-05,0.015051,643.324219,18.929688,2.17,1.18
cpu-heavy,10,Azure,Central India,Standard_D2as_v4,4,IN-WE,2,0.2833,0.0012,4.1e-05,0.031112,643.324219,18.929688,2.17,1.18
cpu-heavy,10,Azure,Central India,Standard_D2s_v3,2,IN-WE,6,0.6067,0.002133,0.00011,0.083515,643.324219,18.929688,5.44,1.18
cpu-heavy,10,Azure,Central India,Standard_D2s_v3,4,IN-WE,2,0.3852,0.0027,0.00014,0.106049,643.324219,18.929688,5.44,1.18
cpu-heavy,10,Azure,Southeast Asia,Standard_D2s_v3,2,SG,12,0.478667,0.001992,8.7e-05,0.049235,480.703125,5.832031,5.44,1.18
cpu-heavy,10,Azure,Southeast Asia,Standard_D2s_v3,4,SG,8,0.50925,0.00425,0.000185,0.104761,480.703125,5.832031,5.44,1.18
cpu-heavy,10,Azure,Southeast Asia,Standard_D4s_v3,2,SG,6,0.3329,0.002767,0.000121,0.068483,480.703125,5.832031,10.88,1.18
cpu-heavy,10,Azure,Southeast Asia,Standard_D4s_v3,4,SG,6,0.3459,0.00575,0.000251,0.142314,480.703125,5.832031,10.88,1.18
cpu-heavy,100,AWS,ap-south-1,c5.xlarge,2,IN-WE,2,0.839225,0.004755,0.000264,0.19537,643.324219,18.929688,9.44,1.15
cpu-heavy,100,AWS,ap-south-1,c5.xlarge,4,IN-WE,4,0.872837,0.009892,0.000549,0.406389,643.324219,18.929688,9.44,1.15
cpu-heavy,100,AWS,ap-south-1,c5a.xlarge,2,IN-WE,4,0.772029,0.002419,0.000111,0.082438,643.324219,18.929688,4.33,1.15
cpu-heavy,100,AWS,ap-south-1,c5a.xlarge,4,IN-WE,3,0.79415,0.006006,0.000229,0.1696,643.324219,18.929688,4.33,1.15
cpu-heavy,100,AWS,ap-south-1,c6i.xlarge,2,IN-WE,2,0.705158,0.003996,0.000216,0.16016,643.324219,18.929688,9.21,1.15
cpu-heavy,100,AWS,ap-south-1,c6i.xlarge,4,IN-WE,5,0.91839,0.011302,0.000564,0.41718,643.324219,18.929688,9.21,1.15
cpu-heavy,100,AWS,ap-south-1,m5.xlarge,2,IN-WE,6,0.935947,0.006143,0.000295,0.217886,643.324219,18.929688,9.44,1.15
cpu-heavy,100,AWS,ap-south-1,m5.xlarge,4,IN-WE,5,1.033117,0.01364,0.00065,0.481014,643.324219,18.929688,9.44,1.15
cpu-heavy,100,AWS,ap-south-1,m5a.xlarge,2,IN-WE,1,1.208167,0.00447,0.000272,0.201112,643.324219,18.929688,6.75,1.15
cpu-heavy,100,AWS,ap-south-1,m5a.xlarge,4,IN-WE,2,1.241984,0.011514,0.000559,0.413481,643.324219,18.929688,6.75,1.15
cpu-heavy,100,AWS,ap-south-1,m6i.xlarge,2,IN-WE,6,0.74955,0.005047,0.00023,0.170242,643.324219,18.929688,9.21,1.15
cpu-heavy,100,AWS,ap-south-1,m6i.xlarge,4,IN-WE,5,0.838913,0.011297,0.000515,0.381077,643.324219,18.929688,9.21,1.15
cpu-heavy,100,AWS,ap-southeast-1,c5.xlarge,2,SG,2,0.8889,0.005808,0.00028,0.154625,480.703125,5.832031,9.44,1.15
cpu-heavy,100,AWS,ap-southeast-1,c5.xlarge,4,SG,2,1.122833,0.014672,0.000707,0.390635,480.703125,5.832031,9.44,1.15
cpu-heavy,100,AWS,ap-southeast-1,c5a.xlarge,2,SG,2,0.871916,0.005115,0.000126,0.069569,480.703125,5.832031,4.33,1.15
cpu-heavy,100,AWS,ap-southeast-1,c5a.xlarge,4,SG,1,1.308833,0.015357,0.000378,0.20886,480.703125,5.832031,4.33,1.15
cpu-heavy,100,AWS,ap-southeast-1,c6i.xlarge,2,SG,2,0.888608,0.005806,0.000273,0.150808,480.703125,5.832031,9.21,1.15
cpu-heavy,100,AWS,ap-southeast-1,c6i.xlarge,4,SG,2,1.1047,0.014248,0.000678,0.374962,480.703125,5.832031,9.21,1.15
cpu-heavy,100,AWS,ap-southeast-1,m5.xlarge,2,SG,1,0.973067,0.007785,0.000306,0.169265,480.703125,5.832031,9.44,1.15
cpu-heavy,100,AWS,ap-southeast-1,m5.xlarge,4,SG,1,1.14045,0.014598,0.000718,0.396764,480.703125,5.832031,9.44,1.15
cpu-heavy,100,AWS,ap-southeast-1,m5a.xlarge,2,SG,1,1.207433,0.008694,0.000272,0.150183,480.703125,5.832031,6.75,1.15
cpu-heavy,100,AWS,ap-southeast-1,m5a.xlarge,4,SG,1,1.44145,0.020757,0.000649,0.358581,480.703125,5.832031,6.75,1.15
cpu-heavy,100,AWS,ap-southeast-1,m6i.xlarge,2,SG,1,0.838483,0.006708,0.000257,0.142301,480.703125,5.832031,9.21,1.15
cpu-heavy,100,AWS,ap-southeast-1,m6i.xlarge,4,SG,1,0.9391,0.015026,0.000577,0.318754,480.703125,5.832031,9.21,1.15
cpu-heavy,100,Azure,Central India,Standard_D2as_v4,2,IN-WE,2,0.31765,0.0007,2.3e-05,0.017442,643.324219,18.929688,2.17,1.18
cpu-heavy,100,Azure,Central India,Standard_D2as_v4,4,IN-WE,2,0.30855,0.0013,4.5e-05,0.033885,643.324219,18.929688,2.17,1.18
cpu-heavy,100,Azure,Central India,Standard_D2s_v3,2,IN-WE,6,0.666233,0.002333,0.000121,0.09171,643.324219,18.929688,5.44,1.18
cpu-heavy,100,Azure,Central India,Standard_D2s_v3,4,IN-WE,2,0.4139,0.0029,0.00015,0.11395,643.324219,18.929688,5.44,1.18
cpu-heavy,100,Azure,Southeast Asia,Standard_D2s_v3,2,SG,12,0.57335,0.0024,0.000104,0.058973,480.703125,5.832031,5.44,1.18
cpu-heavy,100,Azure,Southeast Asia,Standard_D2s_v3,4,SG,8,0.559275,0.004675,0.000203,0.115051,480.703125,5.832031,5.44,1.18
cpu-heavy,100,Azure,Southeast Asia,Standard_D4s_v3,2,SG,6,0.3861,0.003233,0.00014,0.079427,480.703125,5.832031,10.88,1.18
cpu-heavy,100,Azure,Southeast Asia,Standard_D4s_v3,4,SG,6,0.38935,0.006483,0.000282,0.160191,480.703125,5.832031,10.88,1.18
cpu-heavy,500,AWS,ap-south-1,c5.xlarge,2,IN-WE,3,1.127928,0.006392,0.000355,0.262579,643.324219,18.929688,9.44,1.15
cpu-heavy,500,AWS,ap-south-1,c5.xlarge,4,IN-WE,3,0.984322,0.011156,0.000619,0.458296,643.324219,18.929688,9.44,1.15
cpu-heavy,500,AWS,ap-south-1,c5a.xlarge,2,IN-WE,1,1.105517,0.003464,0.00016,0.118048,643.324219,18.929688,4.33,1.15
cpu-heavy,500,AWS,ap-south-1,c5a.xlarge,4,IN-WE,4,0.930392,0.006703,0.000269,0.198697,643.324219,18.929688,4.33,1.15
cpu-heavy,500,AWS,ap-south-1,c6i.xlarge,2,IN-WE,2,0.971583,0.005506,0.000298,0.220671,643.324219,18.929688,9.21,1.15
cpu-heavy,500,AWS,ap-south-1,c6i.xlarge,4,IN-WE,4,1.213346,0.015137,0.000745,0.551164,643.324219,18.929688,9.21,1.15
cpu-heavy,500,AWS,ap-south-1,m5.xlarge,2,IN-WE,3,1.495934,0.009734,0.000471,0.34825,643.324219,18.929688,9.44,1.15
cpu-heavy,500,AWS,ap-south-1,m5.xlarge,4,IN-WE,3,1.229195,0.016024,0.000774,0.572307,643.324219,18.929688,9.44,1.15
cpu-heavy,500,AWS,ap-south-1,m5a.xlarge,2,IN-WE,2,1.625284,0.006014,0.000366,0.270545,643.324219,18.929688,6.75,1.15
cpu-heavy,500,AWS,ap-south-1,m5a.xlarge,4,IN-WE,4,1.500275,0.012467,0.000675,0.499472,643.324219,18.929688,6.75,1.15
cpu-heavy,500,AWS,ap-south-1,m6i.xlarge,2,IN-WE,4,1.005479,0.00677,0.000309,0.22837,643.324219,18.929688,9.21,1.15
cpu-heavy,500,AWS,ap-south-1,m6i.xlarge,4,IN-WE,3,0.984322,0.013256,0.000604,0.44713,643.324219,18.929688,9.21,1.15
cpu-heavy,500,AWS,ap-southeast-1,c5.xlarge,2,SG,1,1.307083,0.00854,0.000411,0.227368,480.703125,5.832031,9.44,1.15
cpu-heavy,500,AWS,ap-southeast-1,c5.xlarge,4,SG,3,1.217483,0.015019,0.000766,0.423564,480.703125,5.832031,9.44,1.15
cpu-heavy,500,AWS,ap-southeast-1,c5a.xlarge,2,SG,2,1.122425,0.006584,0.000162,0.089557,480.703125,5.832031,4.33,1.15
cpu-heavy,500,AWS,ap-southeast-1,c5a.xlarge,4,SG,2,1.222525,0.014344,0.000353,0.195087,480.703125,5.832031,4.33,1.15
cpu-heavy,500,AWS,ap-southeast-1,c6i.xlarge,2,SG,1,1.038767,0.006787,0.000319,0.176291,480.703125,5.832031,9.21,1.15
cpu-heavy,500,AWS,ap-southeast-1,c6i.xlarge,4,SG,1,1.505417,0.019269,0.000924,0.510975,480.703125,5.832031,9.21,1.15
cpu-heavy,500,AWS,ap-southeast-1,m5.xlarge,2,SG,4,1.307796,0.010462,0.000412,0.227492,480.703125,5.832031,9.44,1.15
cpu-heavy,500,AWS,ap-southeast-1,m5.xlarge,4,SG,1,1.407567,0.018017,0.000886,0.489694,480.703125,5.832031,9.44,1.15
cpu-heavy,500,AWS,ap-southeast-1,m5a.xlarge,2,SG,1,1.674817,0.012059,0.000377,0.208317,480.703125,5.832031,6.75,1.15
cpu-heavy,500,AWS,ap-southeast-1,m5a.xlarge,4,SG,2,1.641691,0.02364,0.000739,0.408394,480.703125,5.832031,6.75,1.15
cpu-heavy,500,AWS,ap-southeast-1,m6i.xlarge,2,SG,1,1.072767,0.008582,0.000329,0.182062,480.703125,5.832031,9.21,1.15
cpu-heavy,500,AWS,ap-southeast-1,m6i.xlarge,4,SG,1,1.072017,0.017152,0.000658,0.363869,480.703125,5.832031,9.21,1.15
cpu-heavy,500,Azure,Central India,Standard_D2as_v4,2,IN-WE,2,0.5468,0.00115,4e-05,0.030025,643.324219,18.929688,2.17,1.18
cpu-heavy,500,Azure,Central India,Standard_D2as_v4,4,IN-WE,2,0.38835,0.0016,5.6e-05,0.042648,643.324219,18.929688,2.17,1.18
cpu-heavy,500,Azure,Central India,Standard_D2s_v3,2,IN-WE,6,0.921367,0.003217,0.000167,0.12683,643.324219,18.929688,5.44,1.18
cpu-heavy,500,Azure,Central India,Standard_D2s_v3,4,IN-WE,2,0.53495,0.00375,0.000194,0.147276,643.324219,18.929688,5.44,1.18
cpu-heavy,500,Azure,Southeast Asia,Standard_D2s_v3,2,SG,12,1.011308,0.004217,0.000183,0.104021,480.703125,5.832031,5.44,1.18
cpu-heavy,500,Azure,Southeast Asia,Standard_D2s_v3,4,SG,8,0.701038,0.005825,0.000254,0.144214,480.703125,5.832031,5.44,1.18
cpu-heavy,500,Azure,Southeast Asia,Standard_D4s_v3,2,SG,6,0.611933,0.005117,0.000222,0.125884,480.703125,5.832031,10.88,1.18
cpu-heavy,500,Azure,Southeast Asia,Standard_D4s_v3,4,SG,6,0.4644,0.007733,0.000337,0.191068,480.703125,5.832031,10.88,1.18
cpu-heavy,1024,AWS,ap-south-1,c5.xlarge,2,IN-WE,1,1.638283,0.009284,0.000516,0.381388,643.324219,18.929688,9.44,1.15
cpu-heavy,1024,AWS,ap-south-1,c5.xlarge,4,IN-WE,2,1.191084,0.013499,0.00075,0.554563,643.324219,18.929688,9.44,1.15
cpu-heavy,1024,AWS,ap-south-1,c5a.xlarge,2,IN-WE,1,1.471833,0.004612,0.000212,0.157164,643.324219,18.929688,4.33,1.15
cpu-heavy,1024,AWS,ap-south-1,c5a.xlarge,4,IN-WE,2,1.105567,0.009006,0.000319,0.236107,643.324219,18.929688,4.33,1.15
cpu-heavy,1024,AWS,ap-south-1,c6i.xlarge,2,IN-WE,2,1.33925,0.007589,0.000411,0.304178,643.324219,18.929688,9.21,1.15
cpu-heavy,1024,AWS,ap-south-1,c6i.xlarge,4,IN-WE,5,1.392023,0.01714,0.000855,0.632328,643.324219,18.929688,9.21,1.15
cpu-heavy,1024,AWS,ap-south-1,m5.xlarge,2,IN-WE,4,1.720779,0.011164,0.000541,0.400593,643.324219,18.929688,9.44,1.15
cpu-heavy,1024,AWS,ap-south-1,m5.xlarge,4,IN-WE,4,1.414958,0.018586,0.00089,0.658798,643.324219,18.929688,9.44,1.15
cpu-heavy,1024,AWS,ap-south-1,m5a.xlarge,2,IN-WE,1,2.37405,0.008784,0.000534,0.395185,643.324219,18.929688,6.75,1.15
cpu-heavy,1024,AWS,ap-south-1,m5a.xlarge,4,IN-WE,3,1.720339,0.014775,0.000774,0.572736,643.324219,18.929688,6.75,1.15
cpu-heavy,1024,AWS,ap-south-1,m6i.xlarge,2,IN-WE,4,1.389458,0.009356,0.000427,0.315582,643.324219,18.929688,9.21,1.15
cpu-heavy,1024,AWS,ap-south-1,m6i.xlarge,4,IN-WE,6,1.105725,0.01489,0.000679,0.502277,643.324219,18.929688,9.21,1.15
cpu-heavy,1024,AWS,ap-southeast-1,c5.xlarge,2,SG,2,1.639658,0.010712,0.000516,0.285219,480.703125,5.832031,9.44,1.15
cpu-heavy,1024,AWS,ap-southeast-1,c5.xlarge,4,SG,2,1.506833,0.017078,0.000948,0.524229,480.703125,5.832031,9.44,1.15
cpu-heavy,1024,AWS,ap-southeast-1,c5a.xlarge,2,SG,3,1.60545,0.009418,0.000232,0.128097,480.703125,5.832031,4.33,1.15
cpu-heavy,1024,AWS,ap-southeast-1,c5a.xlarge,4,SG,1,1.638633,0.019227,0.000473,0.261489,480.703125,5.832031,4.33,1.15
cpu-heavy,1024,AWS,ap-southeast-1,c6i.xlarge,2,SG,1,1.4722,0.009618,0.000452,0.24985,480.703125,5.832031,9.21,1.15
cpu-heavy,1024,AWS,ap-southeast-1,c6i.xlarge,4,SG,1,1.6393,0.020983,0.001007,0.556419,480.703125,5.832031,9.21,1.15
cpu-heavy,1024,AWS,ap-southeast-1,m5.xlarge,2,SG,2,1.906916,0.015255,0.0006,0.331709,480.703125,5.832031,9.44,1.15
cpu-heavy,1024,AWS,ap-southeast-1,m5.xlarge,4,SG,1,1.539483,0.019705,0.000969,0.535587,480.703125,5.832031,9.44,1.15
cpu-heavy,1024,AWS,ap-southeast-1,m5a.xlarge,2,SG,1,2.408517,0.017341,0.000542,0.299576,480.703125,5.832031,6.75,1.15
cpu-heavy,1024,AWS,ap-southeast-1,m5a.xlarge,4,SG,1,1.9082,0.027478,0.000859,0.474691,480.703125,5.832031,6.75,1.15
cpu-heavy,1024,AWS,ap-southeast-1,m6i.xlarge,2,SG,1,1.539,0.012312,0.000472,0.261187,480.703125,5.832031,9.21,1.15
cpu-heavy,1024,AWS,ap-southeast-1,m6i.xlarge,4,SG,1,1.2051,0.019282,0.00074,0.40904,480.703125,5.832031,9.21,1.15
cpu-heavy,1024,Azure,Central India,Standard_D2as_v4,2,IN-WE,2,0.85295,0.00175,6.2e-05,0.046835,643.324219,18.929688,2.17,1.18
cpu-heavy,1024,Azure,Central India,Standard_D2as_v4,4,IN-WE,2,0.55185,0.0023,8e-05,0.060604,643.324219,18.929688,2.17,1.18
cpu-heavy,1024,Azure,Central India,Standard_D2s_v3,2,IN-WE,6,1.20375,0.0042,0.000218,0.165701,643.324219,18.929688,5.44,1.18
cpu-heavy,1024,Azure,Central India,Standard_D2s_v3,4,IN-WE,2,0.79765,0.0056,0.000289,0.2196,643.324219,18.929688,5.44,1.18
cpu-heavy,1024,Azure,Southeast Asia,Standard_D2s_v3,2,SG,10,1.55186,0.00647,0.000281,0.159621,480.703125,5.832031,5.44,1.18
cpu-heavy,1024,Azure,Southeast Asia,Standard_D2s_v3,4,SG,8,1.013825,0.00845,0.000368,0.208559,480.703125,5.832031,5.44,1.18
cpu-heavy,1024,Azure,Southeast Asia,Standard_D4s_v3,2,SG,8,0.887788,0.007388,0.000322,0.182631,480.703125,5.832031,10.88,1.18
cpu-heavy,1024,Azure,Southeast Asia,Standard_D4s_v3,4,SG,6,0.560433,0.00935,0.000407,0.230579,480.703125,5.832031,10.88,1.18
cpu-heavy,2048,AWS,ap-south-1,c5.xlarge,2,IN-WE,1,2.505583,0.014198,0.000788,0.583294,643.324219,18.929688,9.44,1.15
cpu-heavy,2048,AWS,ap-south-1,c5.xlarge,4,IN-WE,1,1.438617,0.016304,0.000905,0.669813,643.324219,18.929688,9.44,1.15
cpu-heavy,2048,AWS,ap-south-1,c5a.xlarge,2,IN-WE,2,2.338808,0.007328,0.000338,0.249741,643.324219,18.929688,4.33,1.15
cpu-heavy,2048,AWS,ap-south-1,c5a.xlarge,4,IN-WE,1,1.572033,0.009851,0.000454,0.335727,643.324219,18.929688,4.33,1.15
cpu-heavy,2048,AWS,ap-south-1,c6i.xlarge,2,IN-WE,1,2.372517,0.013444,0.000728,0.538859,643.324219,18.929688,9.21,1.15
cpu-heavy,2048,AWS,ap-south-1,c6i.xlarge,4,IN-WE,1,1.2396,0.014049,0.000761,0.56309,643.324219,18.929688,9.21,1.15
cpu-heavy,2048,AWS,ap-south-1,m5.xlarge,2,IN-WE,1,2.60765,0.017558,0.000821,0.607055,643.324219,18.929688,9.44,1.15
cpu-heavy,2048,AWS,ap-south-1,m5.xlarge,4,IN-WE,3,2.029105,0.027325,0.001277,0.944742,643.324219,18.929688,9.44,1.15
cpu-heavy,2048,AWS,ap-south-1,m5a.xlarge,2,IN-WE,1,3.713717,0.013741,0.000836,0.618186,643.324219,18.929688,6.75,1.15
cpu-heavy,2048,AWS,ap-south-1,m5a.xlarge,4,IN-WE,1,2.308583,0.017084,0.001039,0.768574,643.324219,18.929688,6.75,1.15
cpu-heavy,2048,AWS,ap-south-1,m6i.xlarge,2,IN-WE,2,2.338425,0.015745,0.000718,0.531116,643.324219,18.929688,9.21,1.15
cpu-heavy,2048,AWS,ap-south-1,m6i.xlarge,4,IN-WE,1,1.438,0.019365,0.000883,0.653213,643.324219,18.929688,9.21,1.15
cpu-heavy,2048,AWS,ap-southeast-1,c5.xlarge,2,SG,1,2.640733,0.017253,0.000831,0.459357,480.703125,5.832031,9.44,1.15
cpu-heavy,2048,AWS,ap-southeast-1,c5.xlarge,4,SG,2,1.539708,0.020119,0.000969,0.535666,480.703125,5.832031,9.44,1.15
cpu-heavy,2048,AWS,ap-southeast-1,c5a.xlarge,2,SG,1,2.405267,0.014111,0.000347,0.191913,480.703125,5.832031,4.33,1.15
cpu-heavy,2048,AWS,ap-southeast-1,c5a.xlarge,4,SG,1,1.472067,0.017272,0.000425,0.234909,480.703125,5.832031,4.33,1.15
cpu-heavy,2048,AWS,ap-southeast-1,c6i.xlarge,2,SG,1,2.172233,0.014192,0.000667,0.368655,480.703125,5.832031,9.21,1.15
cpu-heavy,2048,AWS,ap-southeast-1,c6i.xlarge,4,SG,1,1.37135,0.017919,0.000842,0.46547,480.703125,5.832031,9.21,1.15
cpu-heavy,2048,AWS,ap-southeast-1,m5.xlarge,2,SG,1,2.840867,0.022727,0.000894,0.49417,480.703125,5.832031,9.44,1.15
cpu-heavy,2048,AWS,ap-southeast-1,m5.xlarge,4,SG,1,1.9405,0.031048,0.001221,0.675102,480.703125,5.832031,9.44,1.15
cpu-heavy,2048,AWS,ap-southeast-1,m5a.xlarge,2,SG,1,3.77795,0.027201,0.00085,0.469909,480.703125,5.832031,6.75,1.15
cpu-heavy,2048,AWS,ap-southeast-1,m5a.xlarge,4,SG,2,2.408642,0.034684,0.001084,0.599183,480.703125,5.832031,6.75,1.15
cpu-heavy,2048,AWS,ap-southeast-1,m6i.xlarge,2,SG,1,2.273183,0.018185,0.000698,0.385787,480.703125,5.832031,9.21,1.15
cpu-heavy,2048,AWS,ap-southeast-1,m6i.xlarge,4,SG,1,1.572367,0.025158,0.000965,0.5337,480.703125,5.832031,9.21,1.15
cpu-heavy,2048,Azure,Central India,Standard_D2as_v4,2,IN-WE,2,1.5667,0.00325,0.000113,0.086027,643.324219,18.929688,2.17,1.18
cpu-heavy,2048,Azure,Central India,Standard_D2as_v4,4,IN-WE,2,0.7041,0.00295,0.000102,0.077324,643.324219,18.929688,2.17,1.18
cpu-heavy,2048,Azure,Central India,Standard_D2s_v3,2,IN-WE,2,2.1967,0.0077,0.000398,0.302385,643.324219,18.929688,5.44,1.18
cpu-heavy,2048,Azure,Central India,Standard_D2s_v3,4,IN-WE,2,1.03205,0.00725,0.000374,0.284132,643.324219,18.929688,5.44,1.18
cpu-heavy,2048,Azure,Southeast Asia,Standard_D2s_v3,2,SG,8,2.788538,0.0116,0.000506,0.286822,480.703125,5.832031,5.44,1.18
cpu-heavy,2048,Azure,Southeast Asia,Standard_D2s_v3,4,SG,8,1.343288,0.011188,0.000487,0.276335,480.703125,5.832031,5.44,1.18
cpu-heavy,2048,Azure,Southeast Asia,Standard_D4s_v3,2,SG,8,1.389212,0.011575,0.000504,0.285782,480.703125,5.832031,10.88,1.18
cpu-heavy,2048,Azure,Southeast Asia,Standard_D4s_v3,4,SG,6,0.8279,0.013817,0.000601,0.340623,480.703125,5.832031,10.88,1.18
cpu-heavy,3072,AWS,ap-south-1,c5.xlarge,2,IN-WE,1,3.0397,0.017225,0.000956,0.707635,643.324219,18.929688,9.44,1.15
cpu-heavy,3072,AWS,ap-south-1,c5.xlarge,4,IN-WE,1,1.772383,0.020087,0.001115,0.825213,643.324219,18.929688,9.44,1.15
cpu-heavy,3072,AWS,ap-south-1,c5a.xlarge,2,IN-WE,1,3.0384,0.00952,0.000439,0.324444,643.324219,18.929688,4.33,1.15
cpu-heavy,3072,AWS,ap-south-1,c5a.xlarge,4,IN-WE,1,1.57235,0.009853,0.000454,0.335795,643.324219,18.929688,4.33,1.15
cpu-heavy,3072,AWS,ap-south-1,c6i.xlarge,2,IN-WE,1,3.071567,0.017406,0.000943,0.697632,643.324219,18.929688,9.21,1.15
cpu-heavy,3072,AWS,ap-south-1,c6i.xlarge,4,IN-WE,1,1.504883,0.017055,0.000924,0.683595,643.324219,18.929688,9.21,1.15
cpu-heavy,3072,AWS,ap-south-1,m5.xlarge,2,IN-WE,1,3.572967,0.024058,0.001124,0.831778,643.324219,18.929688,9.44,1.15
cpu-heavy,3072,AWS,ap-south-1,m5.xlarge,4,IN-WE,2,2.256192,0.029637,0.00142,1.050472,643.324219,18.929688,9.44,1.15
cpu-heavy,3072,AWS,ap-south-1,m5a.xlarge,2,IN-WE,1,4.741583,0.017544,0.001067,0.789285,643.324219,18.929688,6.75,1.15
cpu-heavy,3072,AWS,ap-south-1,m5a.xlarge,4,IN-WE,1,2.807467,0.020775,0.001263,0.934663,643.324219,18.929688,6.75,1.15
cpu-heavy,3072,AWS,ap-south-1,m6i.xlarge,2,IN-WE,1,2.973267,0.02002,0.000913,0.675305,643.324219,18.929688,9.21,1.15
cpu-heavy,3072,AWS,ap-south-1,m6i.xlarge,4,IN-WE,1,1.837967,0.024751,0.001129,0.834899,643.324219,18.929688,9.21,1.15
cpu-heavy,3072,AWS,ap-southeast-1,c5.xlarge,2,SG,2,3.673875,0.024003,0.001156,0.639072,480.703125,5.832031,9.44,1.15
cpu-heavy,3072,AWS,ap-southeast-1,c5.xlarge,4,SG,1,1.939467,0.025342,0.001221,0.674742,480.703125,5.832031,9.44,1.15
cpu-heavy,3072,AWS,ap-southeast-1,c5a.xlarge,2,SG,1,3.372333,0.019784,0.000487,0.269074,480.703125,5.832031,4.33,1.15
cpu-heavy,3072,AWS,ap-southeast-1,c5a.xlarge,4,SG,1,1.8722,0.021967,0.00054,0.298761,480.703125,5.832031,4.33,1.15
cpu-heavy,3072,AWS,ap-southeast-1,c6i.xlarge,2,SG,1,3.006217,0.019641,0.000923,0.510192,480.703125,5.832031,9.21,1.15
cpu-heavy,3072,AWS,ap-southeast-1,c6i.xlarge,4,SG,1,1.77415,0.023182,0.001089,0.60219,480.703125,5.832031,9.21,1.15
cpu-heavy,3072,AWS,ap-southeast-1,m5.xlarge,2,SG,1,3.84265,0.030741,0.001209,0.668431,480.703125,5.832031,9.44,1.15
cpu-heavy,3072,AWS,ap-southeast-1,m5.xlarge,4,SG,1,2.3729,0.037966,0.001493,0.825534,480.703125,5.832031,9.44,1.15
cpu-heavy,3072,AWS,ap-southeast-1,m5a.xlarge,2,SG,1,4.944383,0.0356,0.001112,0.614992,480.703125,5.832031,6.75,1.15
cpu-heavy,3072,AWS,ap-southeast-1,m5a.xlarge,4,SG,1,2.975683,0.04285,0.001339,0.740242,480.703125,5.832031,6.75,1.15
cpu-heavy,3072,AWS,ap-southeast-1,m6i.xlarge,2,SG,1,3.104533,0.024836,0.000953,0.526877,480.703125,5.832031,9.21,1.15
cpu-heavy,3072,AWS,ap-southeast-1,m6i.xlarge,4,SG,1,1.906317,0.030501,0.00117,0.647051,480.703125,5.832031,9.21,1.15
cpu-heavy,3072,Azure,Central India,Standard_D2as_v4,2,IN-WE,2,1.86295,0.00385,0.000135,0.102294,643.324219,18.929688,2.17,1.18
cpu-heavy,3072,Azure,Central India,Standard_D2as_v4,4,IN-WE,2,0.8721,0.0036,0.000126,0.095774,643.324219,18.929688,2.17,1.18
cpu-heavy,3072,Azure,Central India,Standard_D2ds_v4,4,IN-WE,2,1.1419,0.00925,0.000351,0.266409,643.324219,18.929688,4.61,1.18
cpu-heavy,3072,Azure,Central India,Standard_D2s_v3,2,IN-WE,2,2.9938,0.0105,0.000543,0.412109,643.324219,18.929688,5.44,1.18
cpu-heavy,3072,Azure,Central India,Standard_D2s_v3,4,IN-WE,2,1.28035,0.009,0.000464,0.352491,643.324219,18.929688,5.44,1.18
cpu-heavy,3072,Azure,Central India,Standard_D4ds_v4,2,IN-WE,2,1.4364,0.0117,0.000441,0.334754,643.324219,18.929688,9.21,1.18
cpu-heavy,3072,Azure,Central India,Standard_D4ds_v4,4,IN-WE,2,0.70025,0.0114,0.00043,0.326387,643.324219,18.929688,9.21,1.18
cpu-heavy,3072,Azure,Southeast Asia,Standard_D2s_v3,2,SG,6,3.854917,0.01605,0.000699,0.396508,480.703125,5.832031,5.44,1.18
cpu-heavy,3072,Azure,Southeast Asia,Standard_D2s_v3,4,SG,2,1.6776,0.01395,0.000608,0.345108,480.703125,5.832031,5.44,1.18
cpu-heavy,3072,Azure,Southeast Asia,Standard_D4s_v3,2,SG,4,2.01705,0.0168,0.000732,0.414938,480.703125,5.832031,10.88,1.18
cpu-heavy,3072,Azure,Southeast Asia,Standard_D4s_v3,4,SG,4,0.943125,0.015725,0.000684,0.38803,480.703125,5.832031,10.88,1.18
cpu-heavy,5120,AWS,ap-south-1,c5.xlarge,2,IN-WE,1,4.605717,0.026099,0.001449,1.0722,643.324219,18.929688,9.44,1.15
cpu-heavy,5120,AWS,ap-south-1,c5.xlarge,4,IN-WE,2,2.473367,0.028032,0.001557,1.151588,643.324219,18.929688,9.44,1.15
cpu-heavy,5120,AWS,ap-south-1,c5a.xlarge,2,IN-WE,1,4.572133,0.014326,0.00066,0.488217,643.324219,18.929688,4.33,1.15
cpu-heavy,5120,AWS,ap-south-1,c5a.xlarge,4,IN-WE,2,2.205975,0.018236,0.000637,0.471113,643.324219,18.929688,4.33,1.15
cpu-heavy,5120,AWS,ap-south-1,c6i.xlarge,2,IN-WE,1,4.2387,0.024019,0.001301,0.962717,643.324219,18.929688,9.21,1.15
cpu-heavy,5120,AWS,ap-south-1,c6i.xlarge,4,IN-WE,4,2.872242,0.035895,0.001764,1.304719,643.324219,18.929688,9.21,1.15
cpu-heavy,5120,AWS,ap-south-1,m5.xlarge,2,IN-WE,3,5.37315,0.034978,0.001691,1.250856,643.324219,18.929688,9.44,1.15
cpu-heavy,5120,AWS,ap-south-1,m5.xlarge,4,IN-WE,3,3.028944,0.039461,0.001906,1.410262,643.324219,18.929688,9.44,1.15
cpu-heavy,5120,AWS,ap-south-1,m5a.xlarge,2,IN-WE,1,7.24195,0.026795,0.001629,1.205496,643.324219,18.929688,6.75,1.15
cpu-heavy,5120,AWS,ap-south-1,m5a.xlarge,4,IN-WE,2,3.536616,0.03283,0.001591,1.177411,643.324219,18.929688,6.75,1.15
cpu-heavy,5120,AWS,ap-south-1,m6i.xlarge,2,IN-WE,3,4.327783,0.02914,0.001329,0.98295,643.324219,18.929688,9.21,1.15
cpu-heavy,5120,AWS,ap-south-1,m6i.xlarge,4,IN-WE,3,2.438472,0.032838,0.001497,1.107679,643.324219,18.929688,9.21,1.15
cpu-heavy,5120,AWS,ap-southeast-1,c5.xlarge,2,SG,1,5.7403,0.037503,0.001806,0.998528,480.703125,5.832031,9.44,1.15
cpu-heavy,5120,AWS,ap-southeast-1,c5.xlarge,4,SG,1,2.439533,0.031877,0.001535,0.848716,480.703125,5.832031,9.44,1.15
cpu-heavy,5120,AWS,ap-southeast-1,c5a.xlarge,2,SG,1,5.20605,0.030542,0.000751,0.415384,480.703125,5.832031,4.33,1.15
cpu-heavy,5120,AWS,ap-southeast-1,c5a.xlarge,4,SG,1,3.405317,0.039956,0.000983,0.543412,480.703125,5.832031,4.33,1.15
cpu-heavy,5120,AWS,ap-southeast-1,c6i.xlarge,2,SG,1,4.50465,0.02943,0.001383,0.764494,480.703125,5.832031,9.21,1.15
cpu-heavy,5120,AWS,ap-southeast-1,c6i.xlarge,4,SG,1,3.105767,0.039754,0.001907,1.054173,480.703125,5.832031,9.21,1.15
cpu-heavy,5120,AWS,ap-southeast-1,m5.xlarge,2,SG,1,5.706433,0.036521,0.001796,0.992637,480.703125,5.832031,9.44,1.15
cpu-heavy,5120,AWS,ap-southeast-1,m5.xlarge,4,SG,1,3.1407,0.040201,0.001977,1.092652,480.703125,5.832031,9.44,1.15
cpu-heavy,5120,AWS,ap-southeast-1,m5a.xlarge,2,SG,1,7.576717,0.054552,0.001705,0.942407,480.703125,5.832031,6.75,1.15
cpu-heavy,5120,AWS,ap-southeast-1,m5a.xlarge,4,SG,1,4.10965,0.059179,0.001849,1.022332,480.703125,5.832031,6.75,1.15
cpu-heavy,5120,AWS,ap-southeast-1,m6i.xlarge,2,SG,1,4.7068,0.037654,0.001445,0.798802,480.703125,5.832031,9.21,1.15
cpu-heavy,5120,AWS,ap-southeast-1,m6i.xlarge,4,SG,1,2.60545,0.041687,0.0016,0.884354,480.703125,5.832031,9.21,1.15
cpu-heavy,5120,Azure,Central India,Standard_D2as_v4,2,IN-WE,2,3.17875,0.0066,0.00023,0.174545,643.324219,18.929688,2.17,1.18
cpu-heavy,5120,Azure,Central India,Standard_D2as_v4,4,IN-WE,2,1.24625,0.0052,0.00018,0.136863,643.324219,18.929688,2.17,1.18
cpu-heavy,5120,Azure,Central India,Standard_D2ds_v4,2,IN-WE,2,4.42025,0.018,0.000679,0.51563,643.324219,18.929688,4.61,1.18
cpu-heavy,5120,Azure,Central India,Standard_D2s_v3,2,IN-WE,4,3.00485,0.010525,0.000545,0.41363,643.324219,18.929688,5.44,1.18
cpu-heavy,5120,Azure,Central India,Standard_D2s_v3,4,IN-WE,2,1.9198,0.01345,0.000696,0.528537,643.324219,18.929688,5.44,1.18
cpu-heavy,5120,Azure,Central India,Standard_D4ds_v4,4,IN-WE,2,1.0113,0.01645,0.000621,0.471368,643.324219,18.929688,9.21,1.18
cpu-heavy,5120,Azure,Southeast Asia,Standard_D2s_v3,2,SG,2,6.37775,0.0266,0.001156,0.656,480.703125,5.832031,5.44,1.18
cpu-heavy,5120,Azure,Southeast Asia,Standard_D2s_v3,4,SG,4,2.48785,0.020725,0.000902,0.511789,480.703125,5.832031,5.44,1.18
cpu-heavy,5120,Azure,Southeast Asia,Standard_D4s_v3,2,SG,4,3.1589,0.026325,0.001146,0.649834,480.703125,5.832031,10.88,1.18
cpu-heavy,5120,Azure,Southeast Asia,Standard_D4s_v3,4,SG,4,1.36315,0.022725,0.000989,0.560842,480.703125,5.832031,10.88,1.18
io-heavy,10,AWS,ap-south-1,c5.xlarge,2,IN-WE,2,0.8053,0.004563,0.000253,0.187472,643.324219,18.929688,9.44,1.15
io-heavy,10,AWS,ap-south-1,c5.xlarge,4,IN-WE,4,0.989963,0.01122,0.000623,0.460922,643.324219,18.929688,9.44,1.15
io-heavy,10,AWS,ap-south-1,c5a.xlarge,2,IN-WE,3,0.749922,0.00235,0.000108,0.080078,643.324219,18.929688,4.33,1.15
io-heavy,10,AWS,ap-south-1,c5a.xlarge,4,IN-WE,3,0.816644,0.006192,0.000236,0.174404,643.324219,18.929688,4.33,1.15
io-heavy,10,AWS,ap-south-1,c6i.xlarge,2,IN-WE,2,0.704992,0.003995,0.000216,0.160122,643.324219,18.929688,9.21,1.15
io-heavy,10,AWS,ap-south-1,c6i.xlarge,4,IN-WE,6,0.916242,0.011146,0.000563,0.416204,643.324219,18.929688,9.21,1.15
io-heavy,10,AWS,ap-south-1,m5.xlarge,2,IN-WE,6,0.912611,0.006037,0.000287,0.212454,643.324219,18.929688,9.44,1.15
io-heavy,10,AWS,ap-south-1,m5.xlarge,4,IN-WE,4,1.057142,0.013895,0.000665,0.4922,643.324219,18.929688,9.44,1.15
io-heavy,10,AWS,ap-south-1,m5a.xlarge,2,IN-WE,6,1.125661,0.004165,0.000253,0.187378,643.324219,18.929688,6.75,1.15
io-heavy,10,AWS,ap-south-1,m5a.xlarge,4,IN-WE,2,1.326008,0.009812,0.000597,0.441455,643.324219,18.929688,6.75,1.15
io-heavy,10,AWS,ap-south-1,m6i.xlarge,2,IN-WE,4,0.780842,0.005258,0.00024,0.177349,643.324219,18.929688,9.21,1.15
io-heavy,10,AWS,ap-south-1,m6i.xlarge,4,IN-WE,4,0.847138,0.011408,0.00052,0.384813,643.324219,18.929688,9.21,1.15
io-heavy,10,AWS,ap-southeast-1,c5.xlarge,2,SG,3,0.905867,0.005918,0.000285,0.157576,480.703125,5.832031,9.44,1.15
io-heavy,10,AWS,ap-southeast-1,c5.xlarge,4,SG,1,0.9719,0.012699,0.000612,0.338125,480.703125,5.832031,9.44,1.15
io-heavy,10,AWS,ap-southeast-1,c5a.xlarge,2,SG,2,0.872092,0.005116,0.000126,0.069583,480.703125,5.832031,4.33,1.15
io-heavy,10,AWS,ap-southeast-1,c5a.xlarge,4,SG,1,1.339117,0.015712,0.000387,0.213693,480.703125,5.832031,4.33,1.15
io-heavy,10,AWS,ap-southeast-1,c6i.xlarge,2,SG,4,0.83035,0.005425,0.000255,0.140921,480.703125,5.832031,9.21,1.15
io-heavy,10,AWS,ap-southeast-1,c6i.xlarge,4,SG,3,1.205233,0.015582,0.00074,0.409086,480.703125,5.832031,9.21,1.15
io-heavy,10,AWS,ap-southeast-1,m5.xlarge,2,SG,3,1.061955,0.007923,0.000334,0.184728,480.703125,5.832031,9.44,1.15
io-heavy,10,AWS,ap-southeast-1,m5.xlarge,4,SG,2,1.156084,0.016621,0.000728,0.402202,480.703125,5.832031,9.44,1.15
io-heavy,10,AWS,ap-southeast-1,m5a.xlarge,2,SG,3,1.285911,0.009259,0.000289,0.159944,480.703125,5.832031,6.75,1.15
io-heavy,10,AWS,ap-southeast-1,m5a.xlarge,4,SG,2,1.526483,0.021981,0.000687,0.379734,480.703125,5.832031,6.75,1.15
io-heavy,10,AWS,ap-southeast-1,m6i.xlarge,2,SG,3,0.861256,0.00689,0.000264,0.146166,480.703125,5.832031,9.21,1.15
io-heavy,10,AWS,ap-southeast-1,m6i.xlarge,4,SG,3,0.949456,0.015191,0.000583,0.322268,480.703125,5.832031,9.21,1.15
io-heavy,10,Azure,Central India,Standard_D2as_v4,2,IN-WE,2,0.34385,0.0007,2.5e-05,0.018881,643.324219,18.929688,2.17,1.18
io-heavy,10,Azure,Central India,Standard_D2as_v4,4,IN-WE,2,0.3395,0.0014,4.9e-05,0.037284,643.324219,18.929688,2.17,1.18
io-heavy,10,Azure,Central India,Standard_D2s_v3,2,IN-WE,6,0.671683,0.002333,0.000122,0.09246,643.324219,18.929688,5.44,1.18
io-heavy,10,Azure,Central India,Standard_D2s_v3,4,IN-WE,2,0.4363,0.00305,0.000158,0.120117,643.324219,18.929688,5.44,1.18
io-heavy,10,Azure,Southeast Asia,Standard_D2s_v3,2,SG,12,0.6125,0.002567,0.000111,0.063,480.703125,5.832031,5.44,1.18
io-heavy,10,Azure,Southeast Asia,Standard_D2s_v3,4,SG,8,0.607262,0.005062,0.00022,0.124923,480.703125,5.832031,5.44,1.18
io-heavy,10,Azure,Southeast Asia,Standard_D4s_v3,2,SG,6,0.393833,0.003283,0.000143,0.081018,480.703125,5.832031,10.88,1.18
io-heavy,10,Azure,Southeast Asia,Standard_D4s_v3,4,SG,6,0.416183,0.00695,0.000302,0.171231,480.703125,5.832031,10.88,1.18
io-heavy,100,AWS,ap-south-1,c5.xlarge,2,IN-WE,1,0.9054,0.005131,0.000285,0.210775,643.324219,18.929688,9.44,1.15
io-heavy,100,AWS,ap-south-1,c5.xlarge,4,IN-WE,3,1.062222,0.012039,0.000668,0.494566,643.324219,18.929688,9.44,1.15
io-heavy,100,AWS,ap-south-1,c5a.xlarge,2,IN-WE,2,0.854925,0.002679,0.000123,0.09129,643.324219,18.929688,4.33,1.15
io-heavy,100,AWS,ap-south-1,c5a.xlarge,4,IN-WE,2,0.839658,0.006938,0.000242,0.179319,643.324219,18.929688,4.33,1.15
io-heavy,100,AWS,ap-south-1,c6i.xlarge,2,IN-WE,1,0.771883,0.004374,0.000237,0.175314,643.324219,18.929688,9.21,1.15
io-heavy,100,AWS,ap-south-1,c6i.xlarge,4,IN-WE,4,1.055129,0.01321,0.000648,0.479294,643.324219,18.929688,9.21,1.15
io-heavy,100,AWS,ap-south-1,m5.xlarge,2,IN-WE,5,1.05392,0.006942,0.000332,0.24535,643.324219,18.929688,9.44,1.15
io-heavy,100,AWS,ap-south-1,m5.xlarge,4,IN-WE,4,1.098046,0.01443,0.000691,0.511245,643.324219,18.929688,9.44,1.15
io-heavy,100,AWS,ap-south-1,m5a.xlarge,2,IN-WE,1,1.275283,0.004719,0.000287,0.212284,643.324219,18.929688,6.75,1.15
io-heavy,100,AWS,ap-south-1,m5a.xlarge,4,IN-WE,2,1.308516,0.01214,0.000589,0.435632,643.324219,18.929688,6.75,1.15
io-heavy,100,AWS,ap-south-1,m6i.xlarge,2,IN-WE,3,0.827822,0.005574,0.000254,0.18802,643.324219,18.929688,9.21,1.15
io-heavy,100,AWS,ap-south-1,m6i.xlarge,4,IN-WE,4,0.904875,0.012186,0.000556,0.411041,643.324219,18.929688,9.21,1.15
io-heavy,100,AWS,ap-southeast-1,c5.xlarge,2,SG,5,1.165923,0.007617,0.000367,0.202813,480.703125,5.832031,9.44,1.15
io-heavy,100,AWS,ap-southeast-1,c5.xlarge,4,SG,1,1.47285,0.016692,0.000927,0.512406,480.703125,5.832031,9.44,1.15
io-heavy,100,AWS,ap-southeast-1,c5a.xlarge,2,SG,3,0.97275,0.005707,0.00014,0.077614,480.703125,5.832031,4.33,1.15
io-heavy,100,AWS,ap-southeast-1,c5a.xlarge,4,SG,1,1.406083,0.016498,0.000406,0.224379,480.703125,5.832031,4.33,1.15
io-heavy,100,AWS,ap-southeast-1,c6i.xlarge,2,SG,1,0.904467,0.005909,0.000278,0.153499,480.703125,5.832031,9.21,1.15
io-heavy,100,AWS,ap-southeast-1,c6i.xlarge,4,SG,1,1.339283,0.017143,0.000822,0.454585,480.703125,5.832031,9.21,1.15
io-heavy,100,AWS,ap-southeast-1,m5.xlarge,2,SG,1,1.106333,0.008851,0.000348,0.192447,480.703125,5.832031,9.44,1.15
io-heavy,100,AWS,ap-southeast-1,m5.xlarge,4,SG,2,1.25645,0.018067,0.000791,0.43712,480.703125,5.832031,9.44,1.15
io-heavy,100,AWS,ap-southeast-1,m5a.xlarge,2,SG,1,1.37695,0.009914,0.00031,0.171268,480.703125,5.832031,6.75,1.15
io-heavy,100,AWS,ap-southeast-1,m5a.xlarge,4,SG,1,1.741517,0.025078,0.000784,0.433227,480.703125,5.832031,6.75,1.15
io-heavy,100,AWS,ap-southeast-1,m6i.xlarge,2,SG,3,1.149378,0.009195,0.000353,0.195063,480.703125,5.832031,9.21,1.15
io-heavy,100,AWS,ap-southeast-1,m6i.xlarge,4,SG,2,1.055466,0.016888,0.000648,0.358251,480.703125,5.832031,9.21,1.15
io-heavy,100,Azure,Central India,Standard_D2as_v4,2,IN-WE,2,0.45915,0.00095,3.3e-05,0.025212,643.324219,18.929688,2.17,1.18
io-heavy,100,Azure,Central India,Standard_D2as_v4,4,IN-WE,2,0.45605,0.0019,6.6e-05,0.050083,643.324219,18.929688,2.17,1.18
io-heavy,100,Azure,Central India,Standard_D2s_v3,2,IN-WE,6,0.807467,0.00285,0.000146,0.111151,643.324219,18.929688,5.44,1.18
io-heavy,100,Azure,Central India,Standard_D2s_v3,4,IN-WE,2,0.61695,0.00435,0.000224,0.169852,643.324219,18.929688,5.44,1.18
io-heavy,100,Azure,Southeast Asia,Standard_D2s_v3,2,SG,12,0.832167,0.003467,0.000151,0.085595,480.703125,5.832031,5.44,1.18
io-heavy,100,Azure,Southeast Asia,Standard_D2s_v3,4,SG,8,0.834712,0.00695,0.000303,0.171713,480.703125,5.832031,5.44,1.18
io-heavy,100,Azure,Southeast Asia,Standard_D4s_v3,2,SG,6,0.528183,0.004417,0.000192,0.108655,480.703125,5.832031,10.88,1.18
io-heavy,100,Azure,Southeast Asia,Standard_D4s_v3,4,SG,6,0.53815,0.008967,0.00039,0.221411,480.703125,5.832031,10.88,1.18
io-heavy,500,AWS,ap-south-1,c5.xlarge,2,IN-WE,1,1.3066,0.007404,0.000411,0.304173,643.324219,18.929688,9.44,1.15
io-heavy,500,AWS,ap-south-1,c5.xlarge,4,IN-WE,4,1.331263,0.015088,0.000838,0.61983,643.324219,18.929688,9.44,1.15
io-heavy,500,AWS,ap-south-1,c5a.xlarge,2,IN-WE,1,1.20605,0.003779,0.000174,0.128783,643.324219,18.929688,4.33,1.15
io-heavy,500,AWS,ap-south-1,c5a.xlarge,4,IN-WE,2,1.238834,0.010709,0.000358,0.264568,643.324219,18.929688,4.33,1.15
io-heavy,500,AWS,ap-south-1,c6i.xlarge,2,IN-WE,2,1.138366,0.006451,0.000349,0.258552,643.324219,18.929688,9.21,1.15
io-heavy,500,AWS,ap-south-1,c6i.xlarge,4,IN-WE,5,1.198603,0.014723,0.000736,0.544467,643.324219,18.929688,9.21,1.15
io-heavy,500,AWS,ap-south-1,m5.xlarge,2,IN-WE,5,1.48827,0.009813,0.000468,0.346466,643.324219,18.929688,9.44,1.15
io-heavy,500,AWS,ap-south-1,m5.xlarge,4,IN-WE,6,1.374103,0.01821,0.000865,0.639776,643.324219,18.929688,9.44,1.15
io-heavy,500,AWS,ap-south-1,m5a.xlarge,2,IN-WE,1,1.909433,0.007065,0.00043,0.317844,643.324219,18.929688,6.75,1.15
io-heavy,500,AWS,ap-south-1,m5a.xlarge,4,IN-WE,2,1.627742,0.014985,0.000732,0.541908,643.324219,18.929688,6.75,1.15
io-heavy,500,AWS,ap-south-1,m6i.xlarge,2,IN-WE,4,1.180054,0.007946,0.000362,0.26802,643.324219,18.929688,9.21,1.15
io-heavy,500,AWS,ap-south-1,m6i.xlarge,4,IN-WE,3,1.105239,0.014884,0.000679,0.502056,643.324219,18.929688,9.21,1.15
io-heavy,500,AWS,ap-southeast-1,c5.xlarge,2,SG,2,1.490808,0.00974,0.000469,0.259327,480.703125,5.832031,9.44,1.15
io-heavy,500,AWS,ap-southeast-1,c5.xlarge,4,SG,1,1.706367,0.019339,0.001074,0.593647,480.703125,5.832031,9.44,1.15
io-heavy,500,AWS,ap-southeast-1,c5a.xlarge,2,SG,1,1.405667,0.008247,0.000203,0.112156,480.703125,5.832031,4.33,1.15
io-heavy,500,AWS,ap-southeast-1,c5a.xlarge,4,SG,2,1.422142,0.016686,0.000411,0.226942,480.703125,5.832031,4.33,1.15
io-heavy,500,AWS,ap-southeast-1,c6i.xlarge,2,SG,2,1.305375,0.008528,0.000401,0.221538,480.703125,5.832031,9.21,1.15
io-heavy,500,AWS,ap-southeast-1,c6i.xlarge,4,SG,1,1.570967,0.020108,0.000965,0.533225,480.703125,5.832031,9.21,1.15
io-heavy,500,AWS,ap-southeast-1,m5.xlarge,2,SG,1,1.672117,0.010702,0.000526,0.290865,480.703125,5.832031,9.44,1.15
io-heavy,500,AWS,ap-southeast-1,m5.xlarge,4,SG,1,1.5397,0.019708,0.000969,0.535663,480.703125,5.832031,9.44,1.15
io-heavy,500,AWS,ap-southeast-1,m5a.xlarge,2,SG,1,2.0413,0.014697,0.000459,0.253901,480.703125,5.832031,6.75,1.15
io-heavy,500,AWS,ap-southeast-1,m5a.xlarge,4,SG,4,1.926083,0.027736,0.000867,0.47914,480.703125,5.832031,6.75,1.15
io-heavy,500,AWS,ap-southeast-1,m6i.xlarge,2,SG,4,1.347116,0.010777,0.000414,0.228622,480.703125,5.832031,9.21,1.15
io-heavy,500,AWS,ap-southeast-1,m6i.xlarge,4,SG,3,1.24975,0.019996,0.000767,0.424196,480.703125,5.832031,9.21,1.15
io-heavy,500,Azure,Central India,Standard_D2as_v4,2,IN-WE,2,0.93995,0.00195,6.8e-05,0.051613,643.324219,18.929688,2.17,1.18
io-heavy,500,Azure,Central India,Standard_D2as_v4,4,IN-WE,2,0.9432,0.0039,0.000136,0.103582,643.324219,18.929688,2.17,1.18
io-heavy,500,Azure,Central India,Standard_D2s_v3,2,IN-WE,6,1.281133,0.004467,0.000232,0.176353,643.324219,18.929688,5.44,1.18
io-heavy,500,Azure,Central India,Standard_D2s_v3,4,IN-WE,2,1.33585,0.00935,0.000484,0.367771,643.324219,18.929688,5.44,1.18
io-heavy,500,Azure,Southeast Asia,Standard_D2s_v3,2,SG,10,1.75927,0.00733,0.000319,0.180954,480.703125,5.832031,5.44,1.18
io-heavy,500,Azure,Southeast Asia,Standard_D2s_v3,4,SG,8,1.781938,0.014862,0.000646,0.366572,480.703125,5.832031,5.44,1.18
io-heavy,500,Azure,Southeast Asia,Standard_D4s_v3,2,SG,8,0.995962,0.0083,0.000361,0.204885,480.703125,5.832031,10.88,1.18
io-heavy,500,Azure,Southeast Asia,Standard_D4s_v3,4,SG,6,1.031217,0.017183,0.000748,0.424274,480.703125,5.832031,10.88,1.18
io-heavy,1024,AWS,ap-south-1,c5.xlarge,2,IN-WE,1,1.872483,0.010611,0.000589,0.43591,643.324219,18.929688,9.44,1.15
io-heavy,1024,AWS,ap-south-1,c5.xlarge,4,IN-WE,4,1.464246,0.016594,0.000921,0.681746,643.324219,18.929688,9.44,1.15
io-heavy,1024,AWS,ap-south-1,c5a.xlarge,2,IN-WE,2,1.722284,0.005396,0.000249,0.183907,643.324219,18.929688,4.33,1.15
io-heavy,1024,AWS,ap-south-1,c5a.xlarge,4,IN-WE,2,1.206867,0.009907,0.000348,0.257741,643.324219,18.929688,4.33,1.15
io-heavy,1024,AWS,ap-south-1,c6i.xlarge,2,IN-WE,2,1.554684,0.00881,0.000477,0.353108,643.324219,18.929688,9.21,1.15
io-heavy,1024,AWS,ap-south-1,c6i.xlarge,4,IN-WE,5,1.558793,0.019285,0.000957,0.708084,643.324219,18.929688,9.21,1.15
io-heavy,1024,AWS,ap-south-1,m5.xlarge,2,IN-WE,4,2.173646,0.014285,0.000684,0.506019,643.324219,18.929688,9.44,1.15
io-heavy,1024,AWS,ap-south-1,m5.xlarge,4,IN-WE,3,1.584317,0.020636,0.000997,0.73765,643.324219,18.929688,9.44,1.15
io-heavy,1024,AWS,ap-south-1,m5a.xlarge,2,IN-WE,2,2.658634,0.009837,0.000598,0.442557,643.324219,18.929688,6.75,1.15
io-heavy,1024,AWS,ap-south-1,m5a.xlarge,4,IN-WE,2,1.9261,0.017799,0.000867,0.641238,643.324219,18.929688,6.75,1.15
io-heavy,1024,AWS,ap-south-1,m6i.xlarge,2,IN-WE,3,1.616745,0.010886,0.000496,0.367204,643.324219,18.929688,9.21,1.15
io-heavy,1024,AWS,ap-south-1,m6i.xlarge,4,IN-WE,3,1.283555,0.017285,0.000788,0.583057,643.324219,18.929688,9.21,1.15
io-heavy,1024,AWS,ap-southeast-1,c5.xlarge,2,SG,1,2.07285,0.013543,0.000652,0.360573,480.703125,5.832031,9.44,1.15
io-heavy,1024,AWS,ap-southeast-1,c5.xlarge,4,SG,1,1.6746,0.021881,0.001054,0.582595,480.703125,5.832031,9.44,1.15
io-heavy,1024,AWS,ap-southeast-1,c5a.xlarge,2,SG,1,1.9723,0.011571,0.000285,0.157367,480.703125,5.832031,4.33,1.15
io-heavy,1024,AWS,ap-southeast-1,c5a.xlarge,4,SG,2,1.672408,0.019623,0.000483,0.266879,480.703125,5.832031,4.33,1.15
io-heavy,1024,AWS,ap-southeast-1,c6i.xlarge,2,SG,1,1.8052,0.011794,0.000554,0.306365,480.703125,5.832031,9.21,1.15
io-heavy,1024,AWS,ap-southeast-1,c6i.xlarge,4,SG,1,1.839633,0.023547,0.00113,0.624416,480.703125,5.832031,9.21,1.15
io-heavy,1024,AWS,ap-southeast-1,m5.xlarge,2,SG,1,2.6387,0.016888,0.00083,0.459003,480.703125,5.832031,9.44,1.15
io-heavy,1024,AWS,ap-southeast-1,m5.xlarge,4,SG,2,1.856075,0.026754,0.001168,0.64573,480.703125,5.832031,9.44,1.15
io-heavy,1024,AWS,ap-southeast-1,m5a.xlarge,2,SG,1,2.9091,0.020946,0.000655,0.361839,480.703125,5.832031,6.75,1.15
io-heavy,1024,AWS,ap-southeast-1,m5a.xlarge,4,SG,2,2.24175,0.032281,0.001009,0.557666,480.703125,5.832031,6.75,1.15
io-heavy,1024,AWS,ap-southeast-1,m6i.xlarge,2,SG,2,1.855275,0.014843,0.00057,0.314863,480.703125,5.832031,9.21,1.15
io-heavy,1024,AWS,ap-southeast-1,m6i.xlarge,4,SG,1,1.4724,0.023558,0.000904,0.499769,480.703125,5.832031,9.21,1.15
io-heavy,1024,Azure,Central India,Standard_D2as_v4,2,IN-WE,2,1.55705,0.00325,0.000113,0.085497,643.324219,18.929688,2.17,1.18
io-heavy,1024,Azure,Central India,Standard_D2as_v4,4,IN-WE,2,1.56125,0.0065,0.000226,0.171456,643.324219,18.929688,2.17,1.18
io-heavy,1024,Azure,Central India,Standard_D2s_v3,2,IN-WE,4,2.2834,0.007975,0.000414,0.31432,643.324219,18.929688,5.44,1.18
io-heavy,1024,Azure,Central India,Standard_D2s_v3,4,IN-WE,2,2.2907,0.01605,0.000831,0.630649,643.324219,18.929688,5.44,1.18
io-heavy,1024,Azure,Southeast Asia,Standard_D2s_v3,2,SG,8,3.03145,0.012638,0.00055,0.311808,480.703125,5.832031,5.44,1.18
io-heavy,1024,Azure,Southeast Asia,Standard_D2s_v3,4,SG,8,2.97525,0.024788,0.001079,0.612054,480.703125,5.832031,5.44,1.18
io-heavy,1024,Azure,Southeast Asia,Standard_D4s_v3,2,SG,8,1.655275,0.0138,0.0006,0.340515,480.703125,5.832031,10.88,1.18
io-heavy,1024,Azure,Southeast Asia,Standard_D4s_v3,4,SG,6,1.734783,0.028883,0.001258,0.713743,480.703125,5.832031,10.88,1.18
io-heavy,2048,AWS,ap-south-1,c5.xlarge,2,IN-WE,1,2.972833,0.016846,0.000935,0.692068,643.324219,18.929688,9.44,1.15
io-heavy,2048,AWS,ap-south-1,c5.xlarge,4,IN-WE,1,1.673233,0.018963,0.001053,0.779049,643.324219,18.929688,9.44,1.15
io-heavy,2048,AWS,ap-south-1,c5a.xlarge,2,IN-WE,1,2.80665,0.008794,0.000405,0.299697,643.324219,18.929688,4.33,1.15
io-heavy,2048,AWS,ap-south-1,c5a.xlarge,4,IN-WE,1,1.538333,0.00964,0.000444,0.32853,643.324219,18.929688,4.33,1.15
io-heavy,2048,AWS,ap-south-1,c6i.xlarge,2,IN-WE,1,2.572517,0.014578,0.00079,0.584285,643.324219,18.929688,9.21,1.15
io-heavy,2048,AWS,ap-south-1,c6i.xlarge,4,IN-WE,1,1.538883,0.017441,0.000945,0.699039,643.324219,18.929688,9.21,1.15
io-heavy,2048,AWS,ap-south-1,m5.xlarge,2,IN-WE,1,3.106517,0.020917,0.000978,0.72319,643.324219,18.929688,9.44,1.15
io-heavy,2048,AWS,ap-south-1,m5.xlarge,4,IN-WE,3,2.206783,0.029227,0.001389,1.027468,643.324219,18.929688,9.44,1.15
io-heavy,2048,AWS,ap-south-1,m5a.xlarge,2,IN-WE,1,4.376217,0.016192,0.000985,0.728466,643.324219,18.929688,6.75,1.15
io-heavy,2048,AWS,ap-south-1,m5a.xlarge,4,IN-WE,1,2.842583,0.021035,0.001279,0.946354,643.324219,18.929688,6.75,1.15
io-heavy,2048,AWS,ap-south-1,m6i.xlarge,2,IN-WE,1,2.671,0.017985,0.00082,0.606653,643.324219,18.929688,9.21,1.15
io-heavy,2048,AWS,ap-south-1,m6i.xlarge,4,IN-WE,2,1.805334,0.024312,0.001108,0.820075,643.324219,18.929688,9.21,1.15
io-heavy,2048,AWS,ap-southeast-1,c5.xlarge,2,SG,1,3.43985,0.022474,0.001082,0.598363,480.703125,5.832031,9.44,1.15
io-heavy,2048,AWS,ap-southeast-1,c5.xlarge,4,SG,1,2.072967,0.027087,0.001305,0.721187,480.703125,5.832031,9.44,1.15
io-heavy,2048,AWS,ap-southeast-1,c5a.xlarge,2,SG,1,3.305133,0.01939,0.000477,0.263712,480.703125,5.832031,4.33,1.15
io-heavy,2048,AWS,ap-southeast-1,c5a.xlarge,4,SG,1,1.7727,0.0208,0.000512,0.282883,480.703125,5.832031,4.33,1.15
io-heavy,2048,AWS,ap-southeast-1,c6i.xlarge,2,SG,1,3.00435,0.019628,0.000922,0.509875,480.703125,5.832031,9.21,1.15
io-heavy,2048,AWS,ap-southeast-1,c6i.xlarge,4,SG,1,1.9727,0.025777,0.001211,0.669583,480.703125,5.832031,9.21,1.15
io-heavy,2048,AWS,ap-southeast-1,m5.xlarge,2,SG,1,3.60765,0.028861,0.001135,0.627552,480.703125,5.832031,9.44,1.15
io-heavy,2048,AWS,ap-southeast-1,m5.xlarge,4,SG,1,2.540883,0.040654,0.001599,0.883975,480.703125,5.832031,9.44,1.15
io-heavy,2048,AWS,ap-southeast-1,m5a.xlarge,2,SG,1,4.641133,0.033416,0.001044,0.577273,480.703125,5.832031,6.75,1.15
io-heavy,2048,AWS,ap-southeast-1,m5a.xlarge,4,SG,1,3.14485,0.045286,0.001415,0.782325,480.703125,5.832031,6.75,1.15
io-heavy,2048,AWS,ap-southeast-1,m6i.xlarge,2,SG,1,2.90505,0.02324,0.000892,0.493023,480.703125,5.832031,9.21,1.15
io-heavy,2048,AWS,ap-southeast-1,m6i.xlarge,4,SG,1,1.971317,0.031541,0.00121,0.669113,480.703125,5.832031,9.21,1.15
io-heavy,2048,Azure,Central India,Standard_D2as_v4,2,IN-WE,2,2.78655,0.00575,0.000202,0.153009,643.324219,18.929688,2.17,1.18
io-heavy,2048,Azure,Central India,Standard_D2as_v4,4,IN-WE,2,2.8217,0.0117,0.000408,0.309878,643.324219,18.929688,2.17,1.18
io-heavy,2048,Azure,Central India,Standard_D2s_v3,2,IN-WE,2,4.10155,0.01435,0.000744,0.564596,643.324219,18.929688,5.44,1.18
io-heavy,2048,Azure,Central India,Standard_D2s_v3,4,IN-WE,2,3.9123,0.0274,0.001419,1.077089,643.324219,18.929688,5.44,1.18
io-heavy,2048,Azure,Southeast Asia,Standard_D2s_v3,2,SG,8,5.3731,0.022388,0.000974,0.552664,480.703125,5.832031,5.44,1.18
io-heavy,2048,Azure,Southeast Asia,Standard_D2s_v3,4,SG,6,5.243467,0.0437,0.001902,1.078661,480.703125,5.832031,5.44,1.18
io-heavy,2048,Azure,Southeast Asia,Standard_D4s_v3,2,SG,8,2.866438,0.023888,0.00104,0.58967,480.703125,5.832031,10.88,1.18
io-heavy,2048,Azure,Southeast Asia,Standard_D4s_v3,4,SG,5,2.9318,0.04886,0.002127,1.206232,480.703125,5.832031,10.88,1.18
io-heavy,3072,AWS,ap-south-1,c5.xlarge,2,IN-WE,1,3.772217,0.021376,0.001187,0.878163,643.324219,18.929688,9.44,1.15
io-heavy,3072,AWS,ap-south-1,c5.xlarge,4,IN-WE,1,2.139617,0.024249,0.001347,0.996195,643.324219,18.929688,9.44,1.15
io-heavy,3072,AWS,ap-south-1,c5a.xlarge,2,IN-WE,1,3.8051,0.011923,0.000549,0.406313,643.324219,18.929688,4.33,1.15
io-heavy,3072,AWS,ap-south-1,c5a.xlarge,4,IN-WE,1,1.9061,0.011945,0.00055,0.407071,643.324219,18.929688,4.33,1.15
io-heavy,3072,AWS,ap-south-1,c6i.xlarge,2,IN-WE,1,3.544033,0.020083,0.001088,0.804941,643.324219,18.929688,9.21,1.15
io-heavy,3072,AWS,ap-south-1,c6i.xlarge,4,IN-WE,1,1.805733,0.020465,0.001109,0.820256,643.324219,18.929688,9.21,1.15
io-heavy,3072,AWS,ap-south-1,m5.xlarge,2,IN-WE,1,4.33955,0.02922,0.001366,1.010237,643.324219,18.929688,9.44,1.15
io-heavy,3072,AWS,ap-south-1,m5.xlarge,4,IN-WE,2,2.83985,0.037252,0.001787,1.32222,643.324219,18.929688,9.44,1.15
io-heavy,3072,AWS,ap-south-1,m5a.xlarge,2,IN-WE,2,5.925492,0.021924,0.001333,0.986358,643.324219,18.929688,6.75,1.15
io-heavy,3072,AWS,ap-south-1,m5a.xlarge,4,IN-WE,1,3.442417,0.025474,0.001549,1.14605,643.324219,18.929688,6.75,1.15
io-heavy,3072,AWS,ap-south-1,m6i.xlarge,2,IN-WE,1,3.272717,0.022036,0.001005,0.743318,643.324219,18.929688,9.21,1.15
io-heavy,3072,AWS,ap-south-1,m6i.xlarge,4,IN-WE,1,2.1391,0.028807,0.001313,0.971689,643.324219,18.929688,9.21,1.15
io-heavy,3072,AWS,ap-southeast-1,c5.xlarge,2,SG,1,4.405583,0.028783,0.001386,0.766353,480.703125,5.832031,9.44,1.15
io-heavy,3072,AWS,ap-southeast-1,c5.xlarge,4,SG,1,2.206367,0.02883,0.001389,0.767597,480.703125,5.832031,9.44,1.15
io-heavy,3072,AWS,ap-southeast-1,c5a.xlarge,2,SG,1,4.105717,0.024087,0.000593,0.32759,480.703125,5.832031,4.33,1.15
io-heavy,3072,AWS,ap-southeast-1,c5a.xlarge,4,SG,2,2.03885,0.023922,0.000589,0.325354,480.703125,5.832031,4.33,1.15
io-heavy,3072,AWS,ap-southeast-1,c6i.xlarge,2,SG,1,3.704933,0.024206,0.001137,0.628772,480.703125,5.832031,9.21,1.15
io-heavy,3072,AWS,ap-southeast-1,c6i.xlarge,4,SG,1,1.906283,0.024909,0.00117,0.647039,480.703125,5.832031,9.21,1.15
io-heavy,3072,AWS,ap-southeast-1,m5.xlarge,2,SG,1,5.1073,0.040858,0.001607,0.888417,480.703125,5.832031,9.44,1.15
io-heavy,3072,AWS,ap-southeast-1,m5.xlarge,4,SG,1,3.040433,0.048647,0.001913,1.057769,480.703125,5.832031,9.44,1.15
io-heavy,3072,AWS,ap-southeast-1,m5a.xlarge,2,SG,1,6.141867,0.044221,0.001382,0.763937,480.703125,5.832031,6.75,1.15
io-heavy,3072,AWS,ap-southeast-1,m5a.xlarge,4,SG,2,3.67615,0.052936,0.001654,0.914493,480.703125,5.832031,6.75,1.15
io-heavy,3072,AWS,ap-southeast-1,m6i.xlarge,2,SG,1,3.7056,0.029645,0.001138,0.628886,480.703125,5.832031,9.21,1.15
io-heavy,3072,AWS,ap-southeast-1,m6i.xlarge,4,SG,1,2.240233,0.035844,0.001376,0.76039,480.703125,5.832031,9.21,1.15
io-heavy,3072,Azure,Central India,Standard_D2as_v4,2,IN-WE,2,4.00405,0.00835,0.00029,0.219862,643.324219,18.929688,2.17,1.18
io-heavy,3072,Azure,Central India,Standard_D2as_v4,4,IN-WE,2,3.84885,0.016,0.000557,0.42268,643.324219,18.929688,2.17,1.18
io-heavy,3072,Azure,Central India,Standard_D2ds_v4,2,IN-WE,2,5.1357,0.0209,0.000789,0.599089,643.324219,18.929688,4.61,1.18
io-heavy,3072,Azure,Central India,Standard_D2ds_v4,4,IN-WE,2,5.2122,0.0424,0.001602,1.216025,643.324219,18.929688,4.61,1.18
io-heavy,3072,Azure,Central India,Standard_D2s_v3,2,IN-WE,2,5.75555,0.02015,0.001044,0.792276,643.324219,18.929688,5.44,1.18
io-heavy,3072,Azure,Central India,Standard_D2s_v3,4,IN-WE,2,5.75655,0.0403,0.002088,1.584827,643.324219,18.929688,5.44,1.18
io-heavy,3072,Azure,Central India,Standard_D4ds_v4,2,IN-WE,1,3.0536,0.0248,0.000937,0.711643,643.324219,18.929688,9.21,1.18
io-heavy,3072,Azure,Central India,Standard_D4ds_v4,4,IN-WE,2,2.91275,0.04735,0.001788,1.357636,643.324219,18.929688,9.21,1.18
io-heavy,3072,Azure,Southeast Asia,Standard_D2s_v3,2,SG,2,7.69375,0.03205,0.001395,0.791361,480.703125,5.832031,5.44,1.18
io-heavy,3072,Azure,Southeast Asia,Standard_D2s_v3,4,SG,3,7.5615,0.063,0.002742,1.555516,480.703125,5.832031,5.44,1.18
io-heavy,3072,Azure,Southeast Asia,Standard_D4s_v3,2,SG,4,4.2084,0.0351,0.001526,0.865732,480.703125,5.832031,10.88,1.18
io-heavy,3072,Azure,Southeast Asia,Standard_D4s_v3,4,SG,4,4.065475,0.06775,0.002949,1.672661,480.703125,5.832031,10.88,1.18
io-heavy,5120,AWS,ap-south-1,c5.xlarge,2,IN-WE,1,6.40755,0.036309,0.002016,1.491662,643.324219,18.929688,9.44,1.15
io-heavy,5120,AWS,ap-south-1,c5.xlarge,4,IN-WE,3,3.550889,0.040244,0.002235,1.653277,643.324219,18.929688,9.44,1.15
io-heavy,5120,AWS,ap-south-1,c5a.xlarge,2,IN-WE,1,6.1057,0.019131,0.000881,0.651973,643.324219,18.929688,4.33,1.15
io-heavy,5120,AWS,ap-south-1,c5a.xlarge,4,IN-WE,2,2.789225,0.023157,0.000805,0.595673,643.324219,18.929688,4.33,1.15
io-heavy,5120,AWS,ap-south-1,c6i.xlarge,2,IN-WE,1,5.4049,0.030628,0.001659,1.227591,643.324219,18.929688,9.21,1.15
io-heavy,5120,AWS,ap-south-1,c6i.xlarge,4,IN-WE,4,3.405775,0.042736,0.002091,1.547077,643.324219,18.929688,9.21,1.15
io-heavy,5120,AWS,ap-south-1,m5.xlarge,2,IN-WE,3,6.9405,0.045179,0.002184,1.615732,643.324219,18.929688,9.44,1.15
io-heavy,5120,AWS,ap-south-1,m5.xlarge,4,IN-WE,3,3.884111,0.050636,0.002444,1.808423,643.324219,18.929688,9.44,1.15
io-heavy,5120,AWS,ap-south-1,m5a.xlarge,2,IN-WE,1,9.343017,0.034569,0.002102,1.55524,643.324219,18.929688,6.75,1.15
io-heavy,5120,AWS,ap-south-1,m5a.xlarge,4,IN-WE,2,4.49145,0.041794,0.002021,1.495295,643.324219,18.929688,6.75,1.15
io-heavy,5120,AWS,ap-south-1,m6i.xlarge,2,IN-WE,3,5.2289,0.035208,0.001605,1.187617,643.324219,18.929688,9.21,1.15
io-heavy,5120,AWS,ap-south-1,m6i.xlarge,4,IN-WE,3,3.128483,0.04213,0.001921,1.421117,643.324219,18.929688,9.21,1.15
io-heavy,5120,AWS,ap-southeast-1,c5.xlarge,2,SG,1,7.374,0.048177,0.00232,1.282711,480.703125,5.832031,9.44,1.15
io-heavy,5120,AWS,ap-southeast-1,c5.xlarge,4,SG,1,3.039683,0.039719,0.001913,1.057508,480.703125,5.832031,9.44,1.15
io-heavy,5120,AWS,ap-southeast-1,c5a.xlarge,2,SG,2,6.372416,0.037385,0.00092,0.508447,480.703125,5.832031,4.33,1.15
io-heavy,5120,AWS,ap-southeast-1,c5a.xlarge,4,SG,1,4.34,0.050923,0.001253,0.692566,480.703125,5.832031,4.33,1.15
io-heavy,5120,AWS,ap-southeast-1,c6i.xlarge,2,SG,2,5.905542,0.038583,0.001813,1.002243,480.703125,5.832031,9.21,1.15
io-heavy,5120,AWS,ap-southeast-1,c6i.xlarge,4,SG,1,4.00505,0.051265,0.002459,1.359412,480.703125,5.832031,9.21,1.15
io-heavy,5120,AWS,ap-southeast-1,m5.xlarge,2,SG,1,7.3733,0.047189,0.00232,1.282589,480.703125,5.832031,9.44,1.15
io-heavy,5120,AWS,ap-southeast-1,m5.xlarge,4,SG,1,4.141033,0.053005,0.002606,1.440669,480.703125,5.832031,9.44,1.15
io-heavy,5120,AWS,ap-southeast-1,m5a.xlarge,2,SG,1,9.8097,0.07063,0.002207,1.220149,480.703125,5.832031,6.75,1.15
io-heavy,5120,AWS,ap-southeast-1,m5a.xlarge,4,SG,2,5.210734,0.075034,0.002345,1.296242,480.703125,5.832031,6.75,1.15
io-heavy,5120,AWS,ap-southeast-1,m6i.xlarge,2,SG,1,5.805367,0.046443,0.001782,0.985242,480.703125,5.832031,9.21,1.15
io-heavy,5120,AWS,ap-southeast-1,m6i.xlarge,4,SG,1,3.272033,0.052353,0.002009,1.110608,480.703125,5.832031,9.21,1.15
io-heavy,5120,Azure,Central India,Standard_D2as_v4,2,IN-WE,2,6.47865,0.0134,0.000469,0.355742,643.324219,18.929688,2.17,1.18
io-heavy,5120,Azure,Central India,Standard_D2as_v4,4,IN-WE,2,6.2738,0.02605,0.000908,0.688987,643.324219,18.929688,2.17,1.18
io-heavy,5120,Azure,Central India,Standard_D2s_v3,2,IN-WE,2,9.1444,0.032,0.001658,1.258765,643.324219,18.929688,5.44,1.18
io-heavy,5120,Azure,Central India,Standard_D2s_v3,4,IN-WE,2,8.9962,0.06295,0.003263,2.47673,643.324219,18.929688,5.44,1.18
io-heavy,5120,Azure,Central India,Standard_D4as_v4,2,IN-WE,2,2.6742,0.01095,0.000386,0.293003,643.324219,18.929688,4.33,1.18
io-heavy,5120,Azure,Central India,Standard_D4ds_v4,4,IN-WE,2,3.7281,0.06065,0.002289,1.737672,643.324219,18.929688,9.21,1.18
io-heavy,5120,Azure,Central India,Standard_D4s_v3,2,IN-WE,2,4.13785,0.02895,0.001501,1.139185,643.324219,18.929688,10.88,1.18
io-heavy,5120,Azure,Southeast Asia,Standard_D2s_v3,2,SG,2,12.31855,0.05135,0.002234,1.267057,480.703125,5.832031,5.44,1.18
io-heavy,5120,Azure,Southeast Asia,Standard_D2s_v3,4,SG,4,12.149675,0.101225,0.004406,2.499374,480.703125,5.832031,5.44,1.18
io-heavy,5120,Azure,Southeast Asia,Standard_D4s_v3,2,SG,2,4.69515,0.03915,0.001703,0.965864,480.703125,5.832031,10.88,1.18
io-heavy,5120,Azure,Southeast Asia,Standard_D4s_v3,4,SG,4,5.0697,0.084475,0.003677,2.08583,480.703125,5.832031,10.88,1.18
memory-heavy,10,AWS,ap-south-1,c5.xlarge,2,IN-WE,1,0.7727,0.004379,0.000243,0.179883,643.324219,18.929688,9.44,1.15
memory-heavy,10,AWS,ap-south-1,c5.xlarge,4,IN-WE,3,1.050744,0.011909,0.000661,0.489221,643.324219,18.929688,9.44,1.15
memory-heavy,10,AWS,ap-south-1,c5a.xlarge,2,IN-WE,1,0.739583,0.002317,0.000107,0.078973,643.324219,18.929688,4.33,1.15
memory-heavy,10,AWS,ap-south-1,c5a.xlarge,4,IN-WE,4,0.8639,0.006386,0.000249,0.184496,643.324219,18.929688,4.33,1.15
memory-heavy,10,AWS,ap-south-1,c6i.xlarge,2,IN-WE,2,0.688816,0.003903,0.000211,0.156448,643.324219,18.929688,9.21,1.15
memory-heavy,10,AWS,ap-south-1,c6i.xlarge,4,IN-WE,4,0.988808,0.012361,0.000607,0.449167,643.324219,18.929688,9.21,1.15
memory-heavy,10,AWS,ap-south-1,m5.xlarge,2,IN-WE,3,1.024967,0.006676,0.000323,0.23861,643.324219,18.929688,9.44,1.15
memory-heavy,10,AWS,ap-south-1,m5.xlarge,4,IN-WE,4,1.047992,0.013777,0.00066,0.48794,643.324219,18.929688,9.44,1.15
memory-heavy,10,AWS,ap-south-1,m5a.xlarge,2,IN-WE,1,1.107733,0.004099,0.000249,0.184393,643.324219,18.929688,6.75,1.15
memory-heavy,10,AWS,ap-south-1,m5a.xlarge,4,IN-WE,4,1.276171,0.010606,0.000574,0.424863,643.324219,18.929688,6.75,1.15
memory-heavy,10,AWS,ap-south-1,m6i.xlarge,2,IN-WE,4,0.729958,0.004915,0.000224,0.165792,643.324219,18.929688,9.21,1.15
memory-heavy,10,AWS,ap-south-1,m6i.xlarge,4,IN-WE,5,0.865563,0.011656,0.000531,0.393183,643.324219,18.929688,9.21,1.15
memory-heavy,10,AWS,ap-southeast-1,c5.xlarge,2,SG,2,0.889117,0.005809,0.00028,0.154662,480.703125,5.832031,9.44,1.15
memory-heavy,10,AWS,ap-southeast-1,c5.xlarge,4,SG,4,0.956967,0.012504,0.000602,0.33293,480.703125,5.832031,9.44,1.15
memory-heavy,10,AWS,ap-southeast-1,c5a.xlarge,2,SG,2,0.805458,0.004725,0.000116,0.064266,480.703125,5.832031,4.33,1.15
memory-heavy,10,AWS,ap-southeast-1,c5a.xlarge,4,SG,2,1.072175,0.01258,0.00031,0.171095,480.703125,5.832031,4.33,1.15
memory-heavy,10,AWS,ap-southeast-1,c6i.xlarge,2,SG,2,0.738867,0.004827,0.000227,0.125395,480.703125,5.832031,9.21,1.15
memory-heavy,10,AWS,ap-southeast-1,c6i.xlarge,4,SG,3,0.972361,0.012595,0.000597,0.330043,480.703125,5.832031,9.21,1.15
memory-heavy,10,AWS,ap-southeast-1,m5.xlarge,2,SG,3,0.951144,0.007072,0.000299,0.165452,480.703125,5.832031,9.44,1.15
memory-heavy,10,AWS,ap-southeast-1,m5.xlarge,4,SG,5,1.14013,0.017469,0.000718,0.396652,480.703125,5.832031,9.44,1.15
memory-heavy,10,AWS,ap-southeast-1,m5a.xlarge,2,SG,3,1.175317,0.008462,0.000264,0.146188,480.703125,5.832031,6.75,1.15
memory-heavy,10,AWS,ap-southeast-1,m5a.xlarge,4,SG,2,1.475741,0.02125,0.000664,0.367111,480.703125,5.832031,6.75,1.15
memory-heavy,10,AWS,ap-southeast-1,m6i.xlarge,2,SG,3,0.74995,0.005999,0.00023,0.127276,480.703125,5.832031,9.21,1.15
memory-heavy,10,AWS,ap-southeast-1,m6i.xlarge,4,SG,3,0.927383,0.014838,0.000569,0.314777,480.703125,5.832031,9.21,1.15
memory-heavy,10,Azure,Central India,Standard_D2as_v4,2,IN-WE,2,0.3743,0.0008,2.7e-05,0.020553,643.324219,18.929688,2.17,1.18
memory-heavy,10,Azure,Central India,Standard_D2as_v4,4,IN-WE,2,0.36945,0.0015,5.3e-05,0.040573,643.324219,18.929688,2.17,1.18
memory-heavy,10,Azure,Central India,Standard_D2s_v3,2,IN-WE,6,0.69695,0.002433,0.000126,0.095938,643.324219,18.929688,5.44,1.18
memory-heavy,10,Azure,Central India,Standard_D2s_v3,4,IN-WE,2,0.4923,0.00345,0.000179,0.135534,643.324219,18.929688,5.44,1.18
memory-heavy,10,Azure,Southeast Asia,Standard_D2s_v3,2,SG,12,0.674925,0.0028,0.000122,0.069421,480.703125,5.832031,5.44,1.18
memory-heavy,10,Azure,Southeast Asia,Standard_D2s_v3,4,SG,8,0.667488,0.005562,0.000242,0.137312,480.703125,5.832031,5.44,1.18
memory-heavy,10,Azure,Southeast Asia,Standard_D4s_v3,2,SG,6,0.439617,0.00365,0.000159,0.090436,480.703125,5.832031,10.88,1.18
memory-heavy,10,Azure,Southeast Asia,Standard_D4s_v3,4,SG,6,0.4298,0.00715,0.000312,0.176833,480.703125,5.832031,10.88,1.18
memory-heavy,100,AWS,ap-south-1,c5.xlarge,2,IN-WE,3,0.928644,0.005262,0.000292,0.216186,643.324219,18.929688,9.44,1.15
memory-heavy,100,AWS,ap-south-1,c5.xlarge,4,IN-WE,4,1.039842,0.011785,0.000654,0.484145,643.324219,18.929688,9.44,1.15
memory-heavy,100,AWS,ap-south-1,c5a.xlarge,2,IN-WE,1,0.80565,0.002524,0.000116,0.086028,643.324219,18.929688,4.33,1.15
memory-heavy,100,AWS,ap-south-1,c5a.xlarge,4,IN-WE,2,0.855775,0.007042,0.000247,0.182761,643.324219,18.929688,4.33,1.15
memory-heavy,100,AWS,ap-south-1,c6i.xlarge,2,IN-WE,2,0.755292,0.00428,0.000232,0.171546,643.324219,18.929688,9.21,1.15
memory-heavy,100,AWS,ap-south-1,c6i.xlarge,4,IN-WE,7,0.938755,0.011313,0.000576,0.42643,643.324219,18.929688,9.21,1.15
memory-heavy,100,AWS,ap-south-1,m5.xlarge,2,IN-WE,3,0.995545,0.00648,0.000313,0.23176,643.324219,18.929688,9.44,1.15
memory-heavy,100,AWS,ap-south-1,m5.xlarge,4,IN-WE,4,1.091071,0.014335,0.000687,0.507997,643.324219,18.929688,9.44,1.15
memory-heavy,100,AWS,ap-south-1,m5a.xlarge,2,IN-WE,2,1.225925,0.004536,0.000276,0.204068,643.324219,18.929688,6.75,1.15
memory-heavy,100,AWS,ap-south-1,m5a.xlarge,4,IN-WE,4,1.350754,0.011226,0.000608,0.449693,643.324219,18.929688,6.75,1.15
memory-heavy,100,AWS,ap-south-1,m6i.xlarge,2,IN-WE,4,0.905279,0.006095,0.000278,0.205612,643.324219,18.929688,9.21,1.15
memory-heavy,100,AWS,ap-south-1,m6i.xlarge,4,IN-WE,3,0.883361,0.011896,0.000542,0.401268,643.324219,18.929688,9.21,1.15
memory-heavy,100,AWS,ap-southeast-1,c5.xlarge,2,SG,1,0.905783,0.005918,0.000285,0.157561,480.703125,5.832031,9.44,1.15
memory-heavy,100,AWS,ap-southeast-1,c5.xlarge,4,SG,2,1.07285,0.014018,0.000675,0.373245,480.703125,5.832031,9.44,1.15
memory-heavy,100,AWS,ap-southeast-1,c5a.xlarge,2,SG,1,1.039167,0.006096,0.00015,0.082914,480.703125,5.832031,4.33,1.15
memory-heavy,100,AWS,ap-southeast-1,c5a.xlarge,4,SG,1,1.339233,0.015714,0.000387,0.213711,480.703125,5.832031,4.33,1.15
memory-heavy,100,AWS,ap-southeast-1,c6i.xlarge,2,SG,3,0.794161,0.005188,0.000244,0.134779,480.703125,5.832031,9.21,1.15
memory-heavy,100,AWS,ap-southeast-1,c6i.xlarge,4,SG,2,1.089317,0.014064,0.000669,0.369741,480.703125,5.832031,9.21,1.15
memory-heavy,100,AWS,ap-southeast-1,m5.xlarge,2,SG,1,1.0057,0.008046,0.000316,0.174942,480.703125,5.832031,9.44,1.15
memory-heavy,100,AWS,ap-southeast-1,m5.xlarge,4,SG,2,1.191208,0.017071,0.00075,0.414422,480.703125,5.832031,9.44,1.15
memory-heavy,100,AWS,ap-southeast-1,m5a.xlarge,2,SG,2,1.274666,0.009178,0.000287,0.158545,480.703125,5.832031,6.75,1.15
memory-heavy,100,AWS,ap-southeast-1,m5a.xlarge,4,SG,2,1.509484,0.021736,0.000679,0.375505,480.703125,5.832031,6.75,1.15
memory-heavy,100,AWS,ap-southeast-1,m6i.xlarge,2,SG,1,0.83825,0.006706,0.000257,0.142261,480.703125,5.832031,9.21,1.15
memory-heavy,100,AWS,ap-southeast-1,m6i.xlarge,4,SG,2,1.355008,0.02168,0.000832,0.459923,480.703125,5.832031,9.21,1.15
memory-heavy,100,Azure,Central India,Standard_D2as_v4,2,IN-WE,2,0.47225,0.001,3.4e-05,0.025931,643.324219,18.929688,2.17,1.18
memory-heavy,100,Azure,Central India,Standard_D2as_v4,4,IN-WE,2,0.40565,0.0017,5.9e-05,0.044548,643.324219,18.929688,2.17,1.18
memory-heavy,100,Azure,Central India,Standard_D2s_v3,2,IN-WE,6,0.783917,0.002733,0.000142,0.107909,643.324219,18.929688,5.44,1.18
memory-heavy,100,Azure,Central India,Standard_D2s_v3,4,IN-WE,2,0.55145,0.00385,0.0002,0.151819,643.324219,18.929688,5.44,1.18
memory-heavy,100,Azure,Southeast Asia,Standard_D2s_v3,2,SG,12,0.830258,0.003467,0.000151,0.085398,480.703125,5.832031,5.44,1.18
memory-heavy,100,Azure,Southeast Asia,Standard_D2s_v3,4,SG,8,0.74745,0.006225,0.000271,0.153762,480.703125,5.832031,5.44,1.18
memory-heavy,100,Azure,Southeast Asia,Standard_D4s_v3,2,SG,6,0.526933,0.0044,0.000191,0.108398,480.703125,5.832031,10.88,1.18
memory-heavy,100,Azure,Southeast Asia,Standard_D4s_v3,4,SG,6,0.4959,0.008267,0.00036,0.204028,480.703125,5.832031,10.88,1.18
memory-heavy,500,AWS,ap-south-1,c5.xlarge,2,IN-WE,2,1.3074,0.007409,0.000411,0.30436,643.324219,18.929688,9.44,1.15
memory-heavy,500,AWS,ap-south-1,c5.xlarge,4,IN-WE,4,1.198129,0.013579,0.000754,0.557843,643.324219,18.929688,9.44,1.15
memory-heavy,500,AWS,ap-south-1,c5a.xlarge,2,IN-WE,2,1.1554,0.00362,0.000167,0.123375,643.324219,18.929688,4.33,1.15
memory-heavy,500,AWS,ap-south-1,c5a.xlarge,4,IN-WE,3,0.961378,0.007277,0.000278,0.205314,643.324219,18.929688,4.33,1.15
memory-heavy,500,AWS,ap-south-1,c6i.xlarge,2,IN-WE,3,1.040267,0.005895,0.000319,0.236271,643.324219,18.929688,9.21,1.15
memory-heavy,500,AWS,ap-south-1,c6i.xlarge,4,IN-WE,6,1.122922,0.013717,0.000689,0.510089,643.324219,18.929688,9.21,1.15
memory-heavy,500,AWS,ap-south-1,m5.xlarge,2,IN-WE,5,1.3949,0.009204,0.000439,0.324729,643.324219,18.929688,9.44,1.15
memory-heavy,500,AWS,ap-south-1,m5.xlarge,4,IN-WE,5,1.273253,0.016812,0.000801,0.592821,643.324219,18.929688,9.44,1.15
memory-heavy,500,AWS,ap-south-1,m5a.xlarge,2,IN-WE,2,1.77565,0.00657,0.0004,0.295575,643.324219,18.929688,6.75,1.15
memory-heavy,500,AWS,ap-south-1,m5a.xlarge,4,IN-WE,2,1.526842,0.014098,0.000687,0.508317,643.324219,18.929688,6.75,1.15
memory-heavy,500,AWS,ap-south-1,m6i.xlarge,2,IN-WE,3,1.0829,0.007291,0.000332,0.245954,643.324219,18.929688,9.21,1.15
memory-heavy,500,AWS,ap-south-1,m6i.xlarge,4,IN-WE,3,1.049806,0.014137,0.000645,0.476876,643.324219,18.929688,9.21,1.15
memory-heavy,500,AWS,ap-southeast-1,c5.xlarge,2,SG,2,1.2417,0.008112,0.000391,0.215994,480.703125,5.832031,9.44,1.15
memory-heavy,500,AWS,ap-southeast-1,c5.xlarge,4,SG,3,1.2739,0.015755,0.000802,0.443191,480.703125,5.832031,9.44,1.15
memory-heavy,500,AWS,ap-southeast-1,c5a.xlarge,2,SG,2,1.188716,0.006974,0.000172,0.094846,480.703125,5.832031,4.33,1.15
memory-heavy,500,AWS,ap-southeast-1,c5a.xlarge,4,SG,1,1.472433,0.017277,0.000425,0.234967,480.703125,5.832031,4.33,1.15
memory-heavy,500,AWS,ap-southeast-1,c6i.xlarge,2,SG,1,1.074283,0.007019,0.00033,0.182319,480.703125,5.832031,9.21,1.15
memory-heavy,500,AWS,ap-southeast-1,c6i.xlarge,4,SG,1,1.472967,0.018854,0.000904,0.499961,480.703125,5.832031,9.21,1.15
memory-heavy,500,AWS,ap-southeast-1,m5.xlarge,2,SG,1,1.373533,0.010988,0.000432,0.238927,480.703125,5.832031,9.44,1.15
memory-heavy,500,AWS,ap-southeast-1,m5.xlarge,4,SG,2,1.390408,0.019996,0.000875,0.483724,480.703125,5.832031,9.44,1.15
memory-heavy,500,AWS,ap-southeast-1,m5a.xlarge,2,SG,1,1.775367,0.012783,0.000399,0.220824,480.703125,5.832031,6.75,1.15
memory-heavy,500,AWS,ap-southeast-1,m5a.xlarge,4,SG,1,1.74215,0.025087,0.000784,0.433384,480.703125,5.832031,6.75,1.15
memory-heavy,500,AWS,ap-southeast-1,m6i.xlarge,2,SG,3,1.11645,0.008932,0.000343,0.189475,480.703125,5.832031,9.21,1.15
memory-heavy,500,AWS,ap-southeast-1,m6i.xlarge,4,SG,2,1.105233,0.017684,0.000679,0.375143,480.703125,5.832031,9.21,1.15
memory-heavy,500,Azure,Central India,Standard_D2as_v4,2,IN-WE,2,0.8238,0.0017,6e-05,0.045235,643.324219,18.929688,2.17,1.18
memory-heavy,500,Azure,Central India,Standard_D2as_v4,4,IN-WE,2,0.5326,0.0022,7.7e-05,0.05849,643.324219,18.929688,2.17,1.18
memory-heavy,500,Azure,Central India,Standard_D2s_v3,2,IN-WE,6,1.148083,0.004017,0.000208,0.158039,643.324219,18.929688,5.44,1.18
memory-heavy,500,Azure,Central India,Standard_D2s_v3,4,IN-WE,2,0.74645,0.0052,0.000271,0.205504,643.324219,18.929688,5.44,1.18
memory-heavy,500,Azure,Southeast Asia,Standard_D2s_v3,2,SG,11,1.524773,0.006364,0.000276,0.156835,480.703125,5.832031,5.44,1.18
memory-heavy,500,Azure,Southeast Asia,Standard_D2s_v3,4,SG,8,0.973875,0.0081,0.000353,0.200341,480.703125,5.832031,5.44,1.18
memory-heavy,500,Azure,Southeast Asia,Standard_D4s_v3,2,SG,7,0.862329,0.0072,0.000313,0.177394,480.703125,5.832031,10.88,1.18
memory-heavy,500,Azure,Southeast Asia,Standard_D4s_v3,4,SG,6,0.62585,0.010433,0.000454,0.257494,480.703125,5.832031,10.88,1.18
memory-heavy,1024,AWS,ap-south-1,c5.xlarge,2,IN-WE,1,1.6403,0.009295,0.000516,0.381858,643.324219,18.929688,9.44,1.15
memory-heavy,1024,AWS,ap-south-1,c5.xlarge,4,IN-WE,4,1.406121,0.015936,0.000885,0.654683,643.324219,18.929688,9.44,1.15
memory-heavy,1024,AWS,ap-south-1,c5a.xlarge,2,IN-WE,1,1.538767,0.004821,0.000222,0.164311,643.324219,18.929688,4.33,1.15
memory-heavy,1024,AWS,ap-south-1,c5a.xlarge,4,IN-WE,3,1.227767,0.009167,0.000354,0.262205,643.324219,18.929688,4.33,1.15
memory-heavy,1024,AWS,ap-south-1,c6i.xlarge,2,IN-WE,1,1.404633,0.00796,0.000431,0.319028,643.324219,18.929688,9.21,1.15
memory-heavy,1024,AWS,ap-south-1,c6i.xlarge,4,IN-WE,4,1.513254,0.018903,0.000929,0.687398,643.324219,18.929688,9.21,1.15
memory-heavy,1024,AWS,ap-south-1,m5.xlarge,2,IN-WE,4,1.832179,0.011876,0.000577,0.426527,643.324219,18.929688,9.44,1.15
memory-heavy,1024,AWS,ap-south-1,m5.xlarge,4,IN-WE,3,1.439928,0.018751,0.000906,0.670423,643.324219,18.929688,9.44,1.15
memory-heavy,1024,AWS,ap-south-1,m5a.xlarge,2,IN-WE,1,2.444817,0.009046,0.00055,0.406965,643.324219,18.929688,6.75,1.15
memory-heavy,1024,AWS,ap-south-1,m5a.xlarge,4,IN-WE,2,1.758142,0.01628,0.000791,0.585321,643.324219,18.929688,6.75,1.15
memory-heavy,1024,AWS,ap-south-1,m6i.xlarge,2,IN-WE,3,1.550128,0.010438,0.000476,0.352074,643.324219,18.929688,9.21,1.15
memory-heavy,1024,AWS,ap-south-1,m6i.xlarge,4,IN-WE,4,1.255538,0.016908,0.000771,0.570329,643.324219,18.929688,9.21,1.15
memory-heavy,1024,AWS,ap-southeast-1,c5.xlarge,2,SG,2,1.739633,0.011366,0.000547,0.30261,480.703125,5.832031,9.44,1.15
memory-heavy,1024,AWS,ap-southeast-1,c5.xlarge,4,SG,1,1.8729,0.021226,0.001179,0.651584,480.703125,5.832031,9.44,1.15
memory-heavy,1024,AWS,ap-southeast-1,c5a.xlarge,2,SG,1,1.672517,0.009812,0.000241,0.133448,480.703125,5.832031,4.33,1.15
memory-heavy,1024,AWS,ap-southeast-1,c5a.xlarge,4,SG,1,1.706183,0.020019,0.000493,0.272268,480.703125,5.832031,4.33,1.15
memory-heavy,1024,AWS,ap-southeast-1,c6i.xlarge,2,SG,1,1.5054,0.009835,0.000462,0.255485,480.703125,5.832031,9.21,1.15
memory-heavy,1024,AWS,ap-southeast-1,c6i.xlarge,4,SG,1,1.638483,0.020973,0.001006,0.556141,480.703125,5.832031,9.21,1.15
memory-heavy,1024,AWS,ap-southeast-1,m5.xlarge,2,SG,2,1.973209,0.014207,0.000621,0.34324,480.703125,5.832031,9.44,1.15
memory-heavy,1024,AWS,ap-southeast-1,m5.xlarge,4,SG,1,1.641,0.021005,0.001033,0.570905,480.703125,5.832031,9.44,1.15
memory-heavy,1024,AWS,ap-southeast-1,m5a.xlarge,2,SG,2,2.576816,0.018553,0.00058,0.320509,480.703125,5.832031,6.75,1.15
memory-heavy,1024,AWS,ap-southeast-1,m5a.xlarge,4,SG,2,2.175434,0.031326,0.000979,0.541169,480.703125,5.832031,6.75,1.15
memory-heavy,1024,AWS,ap-southeast-1,m6i.xlarge,2,SG,1,1.57155,0.012572,0.000482,0.266711,480.703125,5.832031,9.21,1.15
memory-heavy,1024,AWS,ap-southeast-1,m6i.xlarge,4,SG,1,1.24005,0.019841,0.000761,0.420903,480.703125,5.832031,9.21,1.15
memory-heavy,1024,Azure,Central India,Standard_D2as_v4,2,IN-WE,2,1.28915,0.00265,9.3e-05,0.070787,643.324219,18.929688,2.17,1.18
memory-heavy,1024,Azure,Central India,Standard_D2as_v4,4,IN-WE,2,0.79385,0.0033,0.000115,0.08718,643.324219,18.929688,2.17,1.18
memory-heavy,1024,Azure,Central India,Standard_D2s_v3,2,IN-WE,6,1.668967,0.005833,0.000303,0.22974,643.324219,18.929688,5.44,1.18
memory-heavy,1024,Azure,Central India,Standard_D2s_v3,4,IN-WE,2,1.07815,0.00755,0.000391,0.296824,643.324219,18.929688,5.44,1.18
memory-heavy,1024,Azure,Southeast Asia,Standard_D2s_v3,2,SG,9,2.443622,0.010178,0.000443,0.251345,480.703125,5.832031,5.44,1.18
memory-heavy,1024,Azure,Southeast Asia,Standard_D2s_v3,4,SG,8,1.469675,0.01225,0.000533,0.302335,480.703125,5.832031,5.44,1.18
memory-heavy,1024,Azure,Southeast Asia,Standard_D4s_v3,2,SG,8,1.32055,0.011012,0.000479,0.271657,480.703125,5.832031,10.88,1.18
memory-heavy,1024,Azure,Southeast Asia,Standard_D4s_v3,4,SG,6,0.792117,0.013217,0.000575,0.325901,480.703125,5.832031,10.88,1.18
memory-heavy,2048,AWS,ap-south-1,c5.xlarge,2,IN-WE,1,2.3729,0.013446,0.000747,0.552405,643.324219,18.929688,9.44,1.15
memory-heavy,2048,AWS,ap-south-1,c5.xlarge,4,IN-WE,2,1.556,0.017634,0.000979,0.724466,643.324219,18.929688,9.44,1.15
memory-heavy,2048,AWS,ap-south-1,c5a.xlarge,2,IN-WE,1,2.306583,0.007227,0.000333,0.246299,643.324219,18.929688,4.33,1.15
memory-heavy,2048,AWS,ap-south-1,c5a.xlarge,4,IN-WE,1,1.405333,0.008807,0.000406,0.300126,643.324219,18.929688,4.33,1.15
memory-heavy,2048,AWS,ap-south-1,c6i.xlarge,2,IN-WE,2,2.1222,0.012026,0.000652,0.482006,643.324219,18.929688,9.21,1.15
memory-heavy,2048,AWS,ap-south-1,c6i.xlarge,4,IN-WE,1,1.272233,0.014419,0.000781,0.577913,643.324219,18.929688,9.21,1.15
memory-heavy,2048,AWS,ap-south-1,m5.xlarge,2,IN-WE,1,2.740267,0.018451,0.000862,0.637928,643.324219,18.929688,9.44,1.15
memory-heavy,2048,AWS,ap-south-1,m5.xlarge,4,IN-WE,4,1.964488,0.026132,0.001236,0.914656,643.324219,18.929688,9.44,1.15
memory-heavy,2048,AWS,ap-south-1,m5a.xlarge,2,IN-WE,1,3.875483,0.014339,0.000872,0.645113,643.324219,18.929688,6.75,1.15
memory-heavy,2048,AWS,ap-south-1,m5a.xlarge,4,IN-WE,1,2.54255,0.018815,0.001144,0.846466,643.324219,18.929688,6.75,1.15
memory-heavy,2048,AWS,ap-south-1,m6i.xlarge,2,IN-WE,2,2.10545,0.014177,0.000646,0.478202,643.324219,18.929688,9.21,1.15
memory-heavy,2048,AWS,ap-south-1,m6i.xlarge,4,IN-WE,2,1.538825,0.020723,0.000945,0.699013,643.324219,18.929688,9.21,1.15
memory-heavy,2048,AWS,ap-southeast-1,c5.xlarge,2,SG,1,2.63965,0.017246,0.000831,0.459168,480.703125,5.832031,9.44,1.15
memory-heavy,2048,AWS,ap-southeast-1,c5.xlarge,4,SG,1,1.538383,0.020102,0.000968,0.535205,480.703125,5.832031,9.44,1.15
memory-heavy,2048,AWS,ap-southeast-1,c5a.xlarge,2,SG,1,2.439567,0.014312,0.000352,0.19465,480.703125,5.832031,4.33,1.15
memory-heavy,2048,AWS,ap-southeast-1,c5a.xlarge,4,SG,1,1.471967,0.017271,0.000425,0.234893,480.703125,5.832031,4.33,1.15
memory-heavy,2048,AWS,ap-southeast-1,c6i.xlarge,2,SG,1,2.206183,0.014414,0.000677,0.374416,480.703125,5.832031,9.21,1.15
memory-heavy,2048,AWS,ap-southeast-1,c6i.xlarge,4,SG,1,1.371367,0.017919,0.000842,0.465476,480.703125,5.832031,9.21,1.15
memory-heavy,2048,AWS,ap-southeast-1,m5.xlarge,2,SG,1,2.805683,0.022445,0.000883,0.48805,480.703125,5.832031,9.44,1.15
memory-heavy,2048,AWS,ap-southeast-1,m5.xlarge,4,SG,1,2.0399,0.032638,0.001284,0.709683,480.703125,5.832031,9.44,1.15
memory-heavy,2048,AWS,ap-southeast-1,m5a.xlarge,2,SG,1,3.775167,0.027181,0.000849,0.469563,480.703125,5.832031,6.75,1.15
memory-heavy,2048,AWS,ap-southeast-1,m5a.xlarge,4,SG,3,2.597733,0.037407,0.001169,0.646222,480.703125,5.832031,6.75,1.15
memory-heavy,2048,AWS,ap-southeast-1,m6i.xlarge,2,SG,1,2.23905,0.017912,0.000687,0.379994,480.703125,5.832031,9.21,1.15
memory-heavy,2048,AWS,ap-southeast-1,m6i.xlarge,4,SG,1,1.605783,0.025693,0.000986,0.545042,480.703125,5.832031,9.21,1.15
memory-heavy,2048,Azure,Central India,Standard_D2as_v4,2,IN-WE,2,2.2807,0.00475,0.000165,0.125233,643.324219,18.929688,2.17,1.18
memory-heavy,2048,Azure,Central India,Standard_D2as_v4,4,IN-WE,2,1.05855,0.0044,0.000153,0.11625,643.324219,18.929688,2.17,1.18
memory-heavy,2048,Azure,Central India,Standard_D2s_v3,2,IN-WE,2,3.28495,0.0115,0.000596,0.452187,643.324219,18.929688,5.44,1.18
memory-heavy,2048,Azure,Central India,Standard_D2s_v3,4,IN-WE,2,1.5509,0.01085,0.000562,0.426976,643.324219,18.929688,5.44,1.18
memory-heavy,2048,Azure,Southeast Asia,Standard_D2s_v3,2,SG,8,4.373238,0.018238,0.000793,0.449821,480.703125,5.832031,5.44,1.18
memory-heavy,2048,Azure,Southeast Asia,Standard_D2s_v3,4,SG,8,2.012775,0.01675,0.00073,0.414059,480.703125,5.832031,5.44,1.18
memory-heavy,2048,Azure,Southeast Asia,Standard_D4s_v3,2,SG,8,2.22905,0.018588,0.000808,0.45855,480.703125,5.832031,10.88,1.18
memory-heavy,2048,Azure,Southeast Asia,Standard_D4s_v3,4,SG,6,1.216883,0.020267,0.000883,0.500663,480.703125,5.832031,10.88,1.18
memory-heavy,3072,AWS,ap-south-1,c5.xlarge,2,IN-WE,1,3.172683,0.017979,0.000998,0.738593,643.324219,18.929688,9.44,1.15
memory-heavy,3072,AWS,ap-south-1,c5.xlarge,4,IN-WE,2,1.839816,0.020852,0.001158,0.85661,643.324219,18.929688,9.44,1.15
memory-heavy,3072,AWS,ap-south-1,c5a.xlarge,2,IN-WE,1,3.139283,0.009836,0.000453,0.335216,643.324219,18.929688,4.33,1.15
memory-heavy,3072,AWS,ap-south-1,c5a.xlarge,4,IN-WE,1,1.639383,0.010273,0.000473,0.35011,643.324219,18.929688,4.33,1.15
memory-heavy,3072,AWS,ap-south-1,c6i.xlarge,2,IN-WE,1,2.839083,0.016088,0.000872,0.644828,643.324219,18.929688,9.21,1.15
memory-heavy,3072,AWS,ap-south-1,c6i.xlarge,4,IN-WE,1,1.60535,0.018194,0.000986,0.729232,643.324219,18.929688,9.21,1.15
memory-heavy,3072,AWS,ap-south-1,m5.xlarge,2,IN-WE,1,3.773233,0.025406,0.001187,0.8784,643.324219,18.929688,9.44,1.15
memory-heavy,3072,AWS,ap-south-1,m5.xlarge,4,IN-WE,2,2.394708,0.031466,0.001507,1.114965,643.324219,18.929688,9.44,1.15
memory-heavy,3072,AWS,ap-south-1,m5a.xlarge,2,IN-WE,1,5.04415,0.018663,0.001135,0.83965,643.324219,18.929688,6.75,1.15
memory-heavy,3072,AWS,ap-south-1,m5a.xlarge,4,IN-WE,2,3.008991,0.022266,0.001354,1.001754,643.324219,18.929688,6.75,1.15
memory-heavy,3072,AWS,ap-south-1,m6i.xlarge,2,IN-WE,1,2.83995,0.019122,0.000872,0.645025,643.324219,18.929688,9.21,1.15
memory-heavy,3072,AWS,ap-south-1,m6i.xlarge,4,IN-WE,1,1.8727,0.025219,0.00115,0.850676,643.324219,18.929688,9.21,1.15
memory-heavy,3072,AWS,ap-southeast-1,c5.xlarge,2,SG,1,3.706767,0.024218,0.001166,0.644794,480.703125,5.832031,9.44,1.15
memory-heavy,3072,AWS,ap-southeast-1,c5.xlarge,4,SG,2,1.823442,0.023826,0.001148,0.634377,480.703125,5.832031,9.44,1.15
memory-heavy,3072,AWS,ap-southeast-1,c5a.xlarge,2,SG,1,3.3067,0.019399,0.000477,0.263837,480.703125,5.832031,4.33,1.15
memory-heavy,3072,AWS,ap-southeast-1,c5a.xlarge,4,SG,1,1.773633,0.020811,0.000512,0.283032,480.703125,5.832031,4.33,1.15
memory-heavy,3072,AWS,ap-southeast-1,c6i.xlarge,2,SG,1,3.006133,0.01964,0.000923,0.510178,480.703125,5.832031,9.21,1.15
memory-heavy,3072,AWS,ap-southeast-1,c6i.xlarge,4,SG,1,1.642,0.021455,0.001008,0.557335,480.703125,5.832031,9.21,1.15
memory-heavy,3072,AWS,ap-southeast-1,m5.xlarge,2,SG,2,3.773766,0.03019,0.001187,0.656448,480.703125,5.832031,9.44,1.15
memory-heavy,3072,AWS,ap-southeast-1,m5.xlarge,4,SG,1,2.538933,0.040623,0.001598,0.883297,480.703125,5.832031,9.44,1.15
memory-heavy,3072,AWS,ap-southeast-1,m5a.xlarge,2,SG,2,5.2429,0.037749,0.00118,0.652122,480.703125,5.832031,6.75,1.15
memory-heavy,3072,AWS,ap-southeast-1,m5a.xlarge,4,SG,1,3.076367,0.0443,0.001384,0.765289,480.703125,5.832031,6.75,1.15
memory-heavy,3072,AWS,ap-southeast-1,m6i.xlarge,2,SG,1,2.93915,0.023513,0.000902,0.49881,480.703125,5.832031,9.21,1.15
memory-heavy,3072,AWS,ap-southeast-1,m6i.xlarge,4,SG,1,1.938017,0.031008,0.00119,0.65781,480.703125,5.832031,9.21,1.15
memory-heavy,3072,Azure,Central India,Standard_D2as_v4,2,IN-WE,2,3.15925,0.00655,0.000229,0.173474,643.324219,18.929688,2.17,1.18
memory-heavy,3072,Azure,Central India,Standard_D2as_v4,4,IN-WE,2,1.29675,0.0054,0.000188,0.142409,643.324219,18.929688,2.17,1.18
memory-heavy,3072,Azure,Central India,Standard_D2ds_v4,4,IN-WE,2,1.72255,0.014,0.000529,0.401877,643.324219,18.929688,4.61,1.18
memory-heavy,3072,Azure,Central India,Standard_D2s_v3,2,IN-WE,2,4.8088,0.01685,0.000872,0.661952,643.324219,18.929688,5.44,1.18
memory-heavy,3072,Azure,Central India,Standard_D2s_v3,4,IN-WE,2,1.91025,0.0134,0.000693,0.525908,643.324219,18.929688,5.44,1.18
memory-heavy,3072,Azure,Central India,Standard_D4ds_v4,2,IN-WE,2,2.34395,0.01905,0.00072,0.546259,643.324219,18.929688,9.21,1.18
memory-heavy,3072,Azure,Central India,Standard_D4ds_v4,4,IN-WE,2,1.046,0.017,0.000642,0.487542,643.324219,18.929688,9.21,1.18
memory-heavy,3072,Azure,Southeast Asia,Standard_D2s_v3,2,SG,5,5.96474,0.02486,0.001082,0.613519,480.703125,5.832031,5.44,1.18
memory-heavy,3072,Azure,Southeast Asia,Standard_D2s_v3,4,SG,2,2.5766,0.02145,0.000934,0.530046,480.703125,5.832031,5.44,1.18
memory-heavy,3072,Azure,Southeast Asia,Standard_D4s_v3,2,SG,4,3.20455,0.026725,0.001162,0.659225,480.703125,5.832031,10.88,1.18
memory-heavy,3072,Azure,Southeast Asia,Standard_D4s_v3,4,SG,4,1.4616,0.024375,0.00106,0.601347,480.703125,5.832031,10.88,1.18
memory-heavy,5120,AWS,ap-south-1,c5.xlarge,2,IN-WE,1,4.772967,0.027047,0.001502,1.111135,643.324219,18.929688,9.44,1.15
memory-heavy,5120,AWS,ap-south-1,c5.xlarge,4,IN-WE,3,3.051261,0.034581,0.00192,1.420653,643.324219,18.929688,9.44,1.15
memory-heavy,5120,AWS,ap-south-1,c5a.xlarge,2,IN-WE,1,4.738467,0.014847,0.000684,0.505979,643.324219,18.929688,4.33,1.15
memory-heavy,5120,AWS,ap-south-1,c5a.xlarge,4,IN-WE,2,2.288525,0.018952,0.000661,0.488742,643.324219,18.929688,4.33,1.15
memory-heavy,5120,AWS,ap-south-1,c6i.xlarge,2,IN-WE,1,4.305667,0.024399,0.001322,0.977927,643.324219,18.929688,9.21,1.15
memory-heavy,5120,AWS,ap-south-1,c6i.xlarge,4,IN-WE,4,2.980813,0.037296,0.00183,1.354038,643.324219,18.929688,9.21,1.15
memory-heavy,5120,AWS,ap-south-1,m5.xlarge,2,IN-WE,3,5.528622,0.036006,0.00174,1.28705,643.324219,18.929688,9.44,1.15
memory-heavy,5120,AWS,ap-south-1,m5.xlarge,4,IN-WE,4,3.206946,0.042134,0.002018,1.493139,643.324219,18.929688,9.44,1.15
memory-heavy,5120,AWS,ap-south-1,m5a.xlarge,2,IN-WE,2,7.341675,0.027164,0.001652,1.222096,643.324219,18.929688,6.75,1.15
memory-heavy,5120,AWS,ap-south-1,m5a.xlarge,4,IN-WE,2,3.858534,0.035754,0.001736,1.284584,643.324219,18.929688,6.75,1.15
memory-heavy,5120,AWS,ap-south-1,m6i.xlarge,2,IN-WE,3,4.339233,0.029218,0.001332,0.985551,643.324219,18.929688,9.21,1.15
memory-heavy,5120,AWS,ap-south-1,m6i.xlarge,4,IN-WE,3,2.527545,0.034038,0.001552,1.14814,643.324219,18.929688,9.21,1.15
memory-heavy,5120,AWS,ap-southeast-1,c5.xlarge,2,SG,1,5.273183,0.034451,0.001659,0.917272,480.703125,5.832031,9.44,1.15
memory-heavy,5120,AWS,ap-southeast-1,c5.xlarge,4,SG,1,2.673867,0.034939,0.001683,0.930241,480.703125,5.832031,9.44,1.15
memory-heavy,5120,AWS,ap-southeast-1,c5a.xlarge,2,SG,1,5.0722,0.029757,0.000732,0.404704,480.703125,5.832031,4.33,1.15
memory-heavy,5120,AWS,ap-southeast-1,c5a.xlarge,4,SG,1,3.53835,0.041517,0.001021,0.564641,480.703125,5.832031,4.33,1.15
memory-heavy,5120,AWS,ap-southeast-1,c6i.xlarge,2,SG,1,4.371883,0.028563,0.001342,0.741962,480.703125,5.832031,9.21,1.15
memory-heavy,5120,AWS,ap-southeast-1,c6i.xlarge,4,SG,1,3.4411,0.044046,0.002113,1.167994,480.703125,5.832031,9.21,1.15
memory-heavy,5120,AWS,ap-southeast-1,m5.xlarge,2,SG,1,5.806033,0.037159,0.001827,1.009962,480.703125,5.832031,9.44,1.15
memory-heavy,5120,AWS,ap-southeast-1,m5.xlarge,4,SG,1,3.440933,0.044044,0.002165,1.197104,480.703125,5.832031,9.44,1.15
memory-heavy,5120,AWS,ap-southeast-1,m5a.xlarge,2,SG,1,7.776,0.055987,0.00175,0.967194,480.703125,5.832031,6.75,1.15
memory-heavy,5120,AWS,ap-southeast-1,m5a.xlarge,4,SG,2,4.379841,0.06307,0.001971,1.089546,480.703125,5.832031,6.75,1.15
memory-heavy,5120,AWS,ap-southeast-1,m6i.xlarge,2,SG,1,4.7057,0.037646,0.001445,0.798615,480.703125,5.832031,9.21,1.15
memory-heavy,5120,AWS,ap-southeast-1,m6i.xlarge,4,SG,1,2.672,0.042752,0.001641,0.906942,480.703125,5.832031,9.21,1.15
memory-heavy,5120,Azure,Central India,Standard_D2as_v4,2,IN-WE,2,4.9527,0.01025,0.000358,0.271952,643.324219,18.929688,2.17,1.18
memory-heavy,5120,Azure,Central India,Standard_D2as_v4,4,IN-WE,2,1.9949,0.0083,0.000289,0.219079,643.324219,18.929688,2.17,1.18
memory-heavy,5120,Azure,Central India,Standard_D2ds_v4,2,IN-WE,1,6.9202,0.0281,0.001063,0.807254,643.324219,18.929688,4.61,1.18
memory-heavy,5120,Azure,Central India,Standard_D2s_v3,2,IN-WE,4,4.32805,0.015175,0.000785,0.595774,643.324219,18.929688,5.44,1.18
memory-heavy,5120,Azure,Central India,Standard_D2s_v3,4,IN-WE,2,3.0542,0.02135,0.001108,0.840847,643.324219,18.929688,5.44,1.18
memory-heavy,5120,Azure,Central India,Standard_D4ds_v4,4,IN-WE,2,1.5563,0.02535,0.000956,0.725393,643.324219,18.929688,9.21,1.18
memory-heavy,5120,Azure,Southeast Asia,Standard_D2s_v3,2,SG,2,10.25205,0.0427,0.001859,1.054502,480.703125,5.832031,5.44,1.18
memory-heavy,5120,Azure,Southeast Asia,Standard_D2s_v3,4,SG,4,4.0151,0.03345,0.001456,0.825968,480.703125,5.832031,5.44,1.18
memory-heavy,5120,Azure,Southeast Asia,Standard_D4s_v3,2,SG,2,5.3669,0.0447,0.001946,1.104053,480.703125,5.832031,10.88,1.18
memory-heavy,5120,Azure,Southeast Asia,Standard_D4s_v3,4,SG,4,2.112725,0.035225,0.001532,0.86924,480.703125,5.832031,10.88,1.18
