model,model_label,fold,target,n_test,mae,rmse,r2
linear_regression,Linear Regression,1,runtime_minutes,363,0.612753,0.923532,0.660985
linear_regression,Linear Regression,1,cost_usd,363,0.00423,0.005719,0.73387
decision_tree,Decision Tree,1,runtime_minutes,363,0.309825,0.570811,0.870491
decision_tree,Decision Tree,1,cost_usd,363,0.003109,0.005876,0.719065
random_forest,Random Forest,1,runtime_minutes,363,0.268718,0.532308,0.887373
random_forest,Random Forest,1,cost_usd,363,0.002005,0.003435,0.904001
gradient_boosting,Gradient Boosting,1,runtime_minutes,363,0.277278,0.554342,0.877857
gradient_boosting,Gradient Boosting,1,cost_usd,363,0.002063,0.003534,0.898367
linear_regression,Linear Regression,2,runtime_minutes,362,0.595855,1.014513,0.673836
linear_regression,Linear Regression,2,cost_usd,362,0.004444,0.008101,0.692752
decision_tree,Decision Tree,2,runtime_minutes,362,0.317657,0.616656,0.879495
decision_tree,Decision Tree,2,cost_usd,362,0.003139,0.005727,0.846422
random_forest,Random Forest,2,runtime_minutes,362,0.267205,0.550497,0.903965
random_forest,Random Forest,2,cost_usd,362,0.002963,0.005948,0.834378
gradient_boosting,Gradient Boosting,2,runtime_minutes,362,0.30736,0.620928,0.877819
gradient_boosting,Gradient Boosting,2,cost_usd,362,0.003028,0.006386,0.809062
linear_regression,Linear Regression,3,runtime_minutes,362,0.576729,0.977545,0.650281
linear_regression,Linear Regression,3,cost_usd,362,0.004331,0.006419,0.716119
decision_tree,Decision Tree,3,runtime_minutes,362,0.337199,0.58089,0.87651
decision_tree,Decision Tree,3,cost_usd,362,0.00285,0.005461,0.794527
random_forest,Random Forest,3,runtime_minutes,362,0.255796,0.472746,0.91821
random_forest,Random Forest,3,cost_usd,362,0.0021,0.003421,0.919333
gradient_boosting,Gradient Boosting,3,runtime_minutes,362,0.289084,0.529029,0.897576
gradient_boosting,Gradient Boosting,3,cost_usd,362,0.002327,0.00373,0.904123
linear_regression,Linear Regression,4,runtime_minutes,362,0.535283,0.743558,0.716293
linear_regression,Linear Regression,4,cost_usd,362,0.004278,0.007204,0.706833
decision_tree,Decision Tree,4,runtime_minutes,362,0.381084,0.771625,0.69447
decision_tree,Decision Tree,4,cost_usd,362,0.002623,0.004687,0.875889
random_forest,Random Forest,4,runtime_minutes,362,0.314485,0.631081,0.795632
random_forest,Random Forest,4,cost_usd,362,0.002439,0.00402,0.908731
gradient_boosting,Gradient Boosting,4,runtime_minutes,362,0.302071,0.581721,0.826352
gradient_boosting,Gradient Boosting,4,cost_usd,362,0.002708,0.00484,0.867649
linear_regression,Linear Regression,5,runtime_minutes,362,0.551718,0.784867,0.715157
linear_regression,Linear Regression,5,cost_usd,362,0.004283,0.006648,0.750678
decision_tree,Decision Tree,5,runtime_minutes,362,0.326271,0.571232,0.849118
decision_tree,Decision Tree,5,cost_usd,362,0.00303,0.005905,0.803279
random_forest,Random Forest,5,runtime_minutes,362,0.241684,0.358881,0.940445
random_forest,Random Forest,5,cost_usd,362,0.002446,0.004508,0.885364
gradient_boosting,Gradient Boosting,5,runtime_minutes,362,0.248447,0.347944,0.94402
gradient_boosting,Gradient Boosting,5,cost_usd,362,0.002412,0.004403,0.890645
