method,sla_level,scenarios,top1_accuracy,top3_hit_rate,mean_cost_regret_pct,median_cost_regret_pct,max_cost_regret_pct,mean_runtime_regret_pct,mean_carbon_regret_pct,sla_violation_rate,infeasible_rate
model_random_forest,tight,21,0.8095,0.9048,16.5638,0.0,216.3462,31.9062,51.631,0.1429,0.0476
model_random_forest,medium,21,0.9048,0.9048,-0.3677,0.0,22.3744,33.7866,53.6856,0.0952,0.0
model_random_forest,loose,21,0.9524,0.9524,1.0654,0.0,22.3744,33.7866,53.6856,0.0,0.0
historical_mean,tight,21,0.5238,0.7143,52.0861,0.0,781.1966,72.6481,89.9951,0.3333,0.4286
historical_mean,medium,21,0.4286,0.7143,16.4294,6.9444,100.0,72.9424,92.723,0.2381,0.381
historical_mean,loose,21,0.4286,0.7143,37.495,7.9545,482.8696,75.0258,95.0035,0.0,0.2857
nearest_size,tight,21,0.7619,0.9048,1.0661,0.0,74.7123,44.4542,65.9441,0.2381,0.0
nearest_size,medium,21,0.8095,0.9524,0.4953,0.0,22.3744,45.1183,66.726,0.1429,0.0
nearest_size,loose,21,0.8571,0.9524,1.9285,0.0,22.3744,45.1183,66.726,0.0,0.0
largest_cluster,tight,21,0.2857,0.381,82.9584,33.9473,781.1966,22.5597,38.2398,0.1429,0.4286
largest_cluster,medium,21,0.2857,0.3333,54.4304,39.1304,137.8995,22.1138,39.3446,0.0952,0.381
largest_cluster,loose,21,0.2857,0.2857,78.307,85.7143,482.8696,28.7603,46.7829,0.0,0.2857
random,tight,21,0.0,0.0952,588.7717,430.6747,1985.4286,140.4531,132.6472,0.3333,0.4286
random,medium,21,0.0,0.0476,520.9259,453.8813,1677.6316,114.326,112.029,0.0952,0.381
random,loose,21,0.0,0.0952,725.5585,531.5,2539.7895,127.6071,123.1012,0.0952,0.2857
