workload_type,dataset_size_mb,cloud,region,machine_type,nodes,runs,mean_runtime_minutes,std_runtime_minutes,coefficient_of_variation_pct,ci95_lower,ci95_upper,min_runtime_minutes,max_runtime_minutes
cpu-heavy,10,AWS,ap-south-1,c5.xlarge,2,2,0.7558,0.0242,3.2,0.5385,0.973,0.7387,0.7729
cpu-heavy,10,AWS,ap-south-1,c5.xlarge,4,6,0.907,0.1112,12.26,0.7902,1.0237,0.7718,1.1102
cpu-heavy,10,AWS,ap-south-1,c5a.xlarge,2,4,0.6971,0.0168,2.41,0.6704,0.7238,0.6719,0.7057
cpu-heavy,10,AWS,ap-south-1,c5a.xlarge,4,2,0.7555,0.0237,3.13,0.5429,0.9681,0.7388,0.7722
cpu-heavy,10,AWS,ap-south-1,c6i.xlarge,2,2,0.6385,0.0001,0.01,0.638,0.6391,0.6385,0.6386
cpu-heavy,10,AWS,ap-south-1,c6i.xlarge,4,4,0.9475,0.2643,27.89,0.527,1.3681,0.6727,1.2056
cpu-heavy,10,AWS,ap-south-1,m5.xlarge,2,4,0.8482,0.0163,1.92,0.8222,0.8741,0.8399,0.8726
cpu-heavy,10,AWS,ap-south-1,m5.xlarge,4,4,1.0152,0.1398,13.77,0.7927,1.2377,0.8729,1.2066
cpu-heavy,10,AWS,ap-south-1,m5a.xlarge,2,3,1.0429,0.0013,0.12,1.0397,1.0462,1.0415,1.0441
cpu-heavy,10,AWS,ap-south-1,m5a.xlarge,4,2,1.1749,0.141,12.0,-0.0917,2.4415,1.0752,1.2746
cpu-heavy,10,AWS,ap-south-1,m6i.xlarge,2,4,0.7468,0.1341,17.96,0.5334,0.9603,0.6388,0.938
cpu-heavy,10,AWS,ap-south-1,m6i.xlarge,4,3,0.8058,0.0991,12.3,0.5595,1.0521,0.707,0.9053
cpu-heavy,10,AWS,ap-southeast-1,c5.xlarge,2,2,0.9063,0.0942,10.39,0.0603,1.7523,0.8397,0.9729
cpu-heavy,10,AWS,ap-southeast-1,c5.xlarge,4,2,1.1065,0.2823,25.51,-1.4295,3.6426,0.9069,1.3061
cpu-heavy,10,AWS,ap-southeast-1,c5a.xlarge,2,3,0.7608,0.0193,2.53,0.713,0.8087,0.7386,0.772
cpu-heavy,10,AWS,ap-southeast-1,c5a.xlarge,4,3,0.9949,0.2417,24.29,0.3946,1.5952,0.8389,1.2733
cpu-heavy,10,AWS,ap-southeast-1,c6i.xlarge,2,2,0.6895,0.0237,3.44,0.4764,0.9025,0.6727,0.7062
cpu-heavy,10,AWS,ap-southeast-1,c6i.xlarge,4,4,0.94,0.2483,26.41,0.5449,1.3352,0.8046,1.3117
cpu-heavy,10,AWS,ap-southeast-1,m5.xlarge,2,2,0.9056,0.0474,5.23,0.4798,1.3315,0.8721,0.9392
cpu-heavy,10,AWS,ap-southeast-1,m5.xlarge,4,4,1.082,0.0327,3.02,1.03,1.134,1.0395,1.1087
cpu-heavy,10,AWS,ap-southeast-1,m5a.xlarge,2,3,1.1308,0.0689,6.09,0.9596,1.302,1.0752,1.2079
cpu-heavy,10,AWS,ap-southeast-1,m6i.xlarge,4,4,0.9309,0.1626,17.47,0.6721,1.1897,0.8386,1.1737
cpu-heavy,10,Azure,Central India,Standard_D2as_v4,2,2,0.2741,0.004,1.44,0.2385,0.3097,0.2713,0.2769
cpu-heavy,10,Azure,Central India,Standard_D2as_v4,4,2,0.2833,0.0008,0.3,0.2757,0.2909,0.2827,0.2839
cpu-heavy,10,Azure,Central India,Standard_D2s_v3,2,6,0.6067,0.4043,66.63,0.1824,1.031,0.3325,1.1639
cpu-heavy,10,Azure,Central India,Standard_D2s_v3,4,2,0.3852,0.0074,1.91,0.3191,0.4513,0.38,0.3904
cpu-heavy,10,Azure,Southeast Asia,Standard_D2s_v3,2,12,0.4787,0.0343,7.16,0.4569,0.5005,0.4176,0.5323
cpu-heavy,10,Azure,Southeast Asia,Standard_D2s_v3,4,8,0.5092,0.0194,3.81,0.493,0.5255,0.475,0.5343
cpu-heavy,10,Azure,Southeast Asia,Standard_D4s_v3,2,6,0.3329,0.014,4.2,0.3182,0.3476,0.3156,0.3561
cpu-heavy,10,Azure,Southeast Asia,Standard_D4s_v3,4,6,0.3459,0.0142,4.1,0.331,0.3608,0.319,0.3592
cpu-heavy,100,AWS,ap-south-1,c5.xlarge,2,2,0.8392,0.0475,5.66,0.4128,1.2656,0.8057,0.8728
cpu-heavy,100,AWS,ap-south-1,c5.xlarge,4,4,0.8728,0.0384,4.4,0.8118,0.9339,0.8395,0.9061
cpu-heavy,100,AWS,ap-south-1,c5a.xlarge,2,4,0.772,0.0004,0.05,0.7714,0.7727,0.7716,0.7725
cpu-heavy,100,AWS,ap-south-1,c5a.xlarge,4,3,0.7942,0.0191,2.4,0.7467,0.8416,0.7721,0.8054
cpu-heavy,100,AWS,ap-south-1,c6i.xlarge,2,2,0.7052,0.0,0.0,0.7051,0.7053,0.7052,0.7052
cpu-heavy,100,AWS,ap-south-1,c6i.xlarge,4,5,0.9184,0.2329,25.36,0.6292,1.2076,0.7044,1.172
cpu-heavy,100,AWS,ap-south-1,m5.xlarge,2,6,0.9359,0.0257,2.74,0.909,0.9629,0.9065,0.9728
cpu-heavy,100,AWS,ap-south-1,m5.xlarge,4,5,1.0331,0.0862,8.34,0.9261,1.1401,0.9065,1.1397
cpu-heavy,100,AWS,ap-south-1,m5a.xlarge,4,2,1.242,0.1408,11.34,-0.0231,2.5071,1.1424,1.3416
cpu-heavy,100,AWS,ap-south-1,m6i.xlarge,2,6,0.7496,0.0343,4.58,0.7135,0.7856,0.706,0.8051
cpu-heavy,100,AWS,ap-south-1,m6i.xlarge,4,5,0.8389,0.0779,9.28,0.7422,0.9356,0.7061,0.9053
cpu-heavy,100,AWS,ap-southeast-1,c5.xlarge,2,2,0.8889,0.0229,2.57,0.6833,1.0945,0.8727,0.9051
cpu-heavy,100,AWS,ap-southeast-1,c5.xlarge,4,2,1.1228,0.2118,18.86,-0.7799,3.0256,0.9731,1.2726
cpu-heavy,100,AWS,ap-southeast-1,c5a.xlarge,2,2,0.8719,0.0,0.0,0.8717,0.8721,0.8719,0.8719
cpu-heavy,100,AWS,ap-southeast-1,c6i.xlarge,2,2,0.8886,0.1654,18.61,-0.5973,2.3745,0.7717,1.0055
cpu-heavy,100,AWS,ap-southeast-1,c6i.xlarge,4,2,1.1047,0.4239,38.37,-2.7038,4.9132,0.805,1.4044
cpu-heavy,100,Azure,Central India,Standard_D2as_v4,2,2,0.3176,0.0006,0.2,0.3119,0.3234,0.3172,0.3181
cpu-heavy,100,Azure,Central India,Standard_D2as_v4,4,2,0.3085,0.0001,0.02,0.3079,0.3092,0.3085,0.3086
cpu-heavy,100,Azure,Central India,Standard_D2s_v3,2,6,0.6662,0.3603,54.09,0.2881,1.0444,0.4088,1.1651
cpu-heavy,100,Azure,Central India,Standard_D2s_v3,4,2,0.4139,0.0024,0.58,0.3923,0.4355,0.4122,0.4156
cpu-heavy,100,Azure,Southeast Asia,Standard_D2s_v3,2,12,0.5734,0.0387,6.75,0.5488,0.5979,0.5054,0.6422
cpu-heavy,100,Azure,Southeast Asia,Standard_D2s_v3,4,8,0.5593,0.0347,6.21,0.5303,0.5883,0.5101,0.6229
cpu-heavy,100,Azure,Southeast Asia,Standard_D4s_v3,2,6,0.3861,0.0091,2.36,0.3765,0.3957,0.3732,0.3977
cpu-heavy,100,Azure,Southeast Asia,Standard_D4s_v3,4,6,0.3894,0.0117,3.02,0.377,0.4017,0.3676,0.4023
cpu-heavy,500,AWS,ap-south-1,c5.xlarge,2,3,1.1279,0.0193,1.71,1.0801,1.1758,1.1057,1.1393
cpu-heavy,500,AWS,ap-south-1,c5.xlarge,4,3,0.9843,0.019,1.93,0.9372,1.0314,0.9728,1.0062
cpu-heavy,500,AWS,ap-south-1,c5a.xlarge,4,4,0.9304,0.0564,6.06,0.8406,1.0202,0.8725,1.0047
cpu-heavy,500,AWS,ap-south-1,c6i.xlarge,2,2,0.9716,0.0467,4.81,0.5516,1.3915,0.9385,1.0046
cpu-heavy,500,AWS,ap-south-1,c6i.xlarge,4,4,1.2133,0.3314,27.32,0.6859,1.7407,0.8384,1.6052
cpu-heavy,500,AWS,ap-south-1,m5.xlarge,2,3,1.4959,0.2222,14.85,0.944,2.0479,1.3073,1.7409
cpu-heavy,500,AWS,ap-south-1,m5.xlarge,4,3,1.2292,0.1353,11.01,0.893,1.5654,1.0729,1.3086
cpu-heavy,500,AWS,ap-south-1,m5a.xlarge,2,2,1.6253,0.0242,1.49,1.4076,1.843,1.6081,1.6424
cpu-heavy,500,AWS,ap-south-1,m5a.xlarge,4,4,1.5003,0.1066,7.1,1.3307,1.6698,1.3423,1.576
cpu-heavy,500,AWS,ap-south-1,m6i.xlarge,2,4,1.0055,0.0268,2.67,0.9628,1.0481,0.9722,1.0378
cpu-heavy,500,AWS,ap-south-1,m6i.xlarge,4,3,0.9843,0.1193,12.12,0.688,1.2807,0.8715,1.1092
cpu-heavy,500,AWS,ap-southeast-1,c5.xlarge,4,3,1.2175,0.2795,22.96,0.5232,1.9118,1.0399,1.5397
cpu-heavy,500,AWS,ap-southeast-1,c5a.xlarge,2,2,1.1224,0.0228,2.03,0.9175,1.3273,1.1063,1.1385
cpu-heavy,500,AWS,ap-southeast-1,c5a.xlarge,4,2,1.2225,0.3067,25.09,-1.5329,3.978,1.0057,1.4394
cpu-heavy,500,AWS,ap-southeast-1,m5.xlarge,2,4,1.3078,0.0023,0.17,1.3042,1.3114,1.3062,1.3111
cpu-heavy,500,AWS,ap-southeast-1,m5a.xlarge,4,2,1.6417,0.142,8.65,0.3655,2.9179,1.5413,1.7421
cpu-heavy,500,Azure,Central India,Standard_D2as_v4,2,2,0.5468,0.017,3.1,0.3943,0.6993,0.5348,0.5588
cpu-heavy,500,Azure,Central India,Standard_D2as_v4,4,2,0.3883,0.007,1.8,0.3255,0.4512,0.3834,0.3933
cpu-heavy,500,Azure,Central India,Standard_D2s_v3,2,6,0.9214,0.162,17.58,0.7514,1.0913,0.7772,1.1611
cpu-heavy,500,Azure,Central India,Standard_D2s_v3,4,2,0.535,0.0036,0.67,0.5025,0.5674,0.5324,0.5375
cpu-heavy,500,Azure,Southeast Asia,Standard_D2s_v3,2,12,1.0113,0.0718,7.1,0.9657,1.0569,0.885,1.1177
cpu-heavy,500,Azure,Southeast Asia,Standard_D2s_v3,4,8,0.701,0.027,3.85,0.6785,0.7236,0.6535,0.725
cpu-heavy,500,Azure,Southeast Asia,Standard_D4s_v3,2,6,0.6119,0.0172,2.81,0.5939,0.63,0.598,0.6448
cpu-heavy,500,Azure,Southeast Asia,Standard_D4s_v3,4,6,0.4644,0.0208,4.48,0.4425,0.4863,0.4447,0.5005
cpu-heavy,1024,AWS,ap-south-1,c5.xlarge,4,2,1.1911,0.0735,6.17,0.5308,1.8514,1.1391,1.243
cpu-heavy,1024,AWS,ap-south-1,c5a.xlarge,4,2,1.1056,0.0947,8.57,0.2545,1.9567,1.0386,1.1725
cpu-heavy,1024,AWS,ap-south-1,c6i.xlarge,2,2,1.3393,0.0007,0.05,1.3329,1.3456,1.3388,1.3397
cpu-heavy,1024,AWS,ap-south-1,c6i.xlarge,4,5,1.392,0.227,16.3,1.1102,1.6738,1.0715,1.6057
cpu-heavy,1024,AWS,ap-south-1,m5.xlarge,2,4,1.7208,0.1759,10.22,1.4408,2.0007,1.46,1.8409
cpu-heavy,1024,AWS,ap-south-1,m5.xlarge,4,4,1.415,0.0834,5.9,1.2822,1.5477,1.3064,1.5064
cpu-heavy,1024,AWS,ap-south-1,m5a.xlarge,4,3,1.7203,0.1845,10.72,1.262,2.1786,1.5082,1.8436
cpu-heavy,1024,AWS,ap-south-1,m6i.xlarge,2,4,1.3895,0.019,1.37,1.3592,1.4197,1.3723,1.4064
cpu-heavy,1024,AWS,ap-south-1,m6i.xlarge,4,6,1.1057,0.1097,9.92,0.9906,1.2208,0.9722,1.3059
cpu-heavy,1024,AWS,ap-southeast-1,c5.xlarge,2,2,1.6397,0.0467,2.85,1.22,2.0593,1.6066,1.6727
cpu-heavy,1024,AWS,ap-southeast-1,c5.xlarge,4,2,1.5068,0.332,22.03,-1.4759,4.4896,1.2721,1.7416
cpu-heavy,1024,AWS,ap-southeast-1,c5a.xlarge,2,3,1.6055,0.0332,2.06,1.5231,1.6878,1.5723,1.6386
cpu-heavy,1024,AWS,ap-southeast-1,m5.xlarge,2,2,1.9069,0.094,4.93,1.0624,2.7515,1.8404,1.9734
cpu-heavy,1024,Azure,Central India,Standard_D2as_v4,2,2,0.8529,0.0247,2.89,0.6312,1.0747,0.8355,0.8704
cpu-heavy,1024,Azure,Central India,Standard_D2as_v4,4,2,0.5518,0.0015,0.27,0.5385,0.5652,0.5508,0.5529
cpu-heavy,1024,Azure,Central India,Standard_D2s_v3,2,6,1.2038,0.0557,4.63,1.1453,1.2622,1.0952,1.2528
cpu-heavy,1024,Azure,Central India,Standard_D2s_v3,4,2,0.7976,0.0472,5.91,0.3739,1.2214,0.7643,0.831
cpu-heavy,1024,Azure,Southeast Asia,Standard_D2s_v3,2,10,1.5519,0.1107,7.13,1.4727,1.6311,1.3862,1.7065
cpu-heavy,1024,Azure,Southeast Asia,Standard_D2s_v3,4,8,1.0138,0.0376,3.71,0.9824,1.0452,0.9704,1.0702
cpu-heavy,1024,Azure,Southeast Asia,Standard_D4s_v3,2,8,0.8878,0.0567,6.39,0.8404,0.9352,0.7711,0.9404
cpu-heavy,1024,Azure,Southeast Asia,Standard_D4s_v3,4,6,0.5604,0.0133,2.38,0.5464,0.5744,0.5435,0.5811
cpu-heavy,2048,AWS,ap-south-1,c5a.xlarge,2,2,2.3388,0.2356,10.07,0.2218,4.4558,2.1722,2.5054
cpu-heavy,2048,AWS,ap-south-1,m5.xlarge,4,3,2.0291,0.2124,10.47,1.5014,2.5568,1.9057,2.2744
cpu-heavy,2048,AWS,ap-south-1,m6i.xlarge,2,2,2.3384,0.3293,14.08,-0.6201,5.297,2.1056,2.5713
cpu-heavy,2048,AWS,ap-southeast-1,c5.xlarge,4,2,1.5397,0.0473,3.07,1.115,1.9644,1.5063,1.5731
cpu-heavy,2048,AWS,ap-southeast-1,m5a.xlarge,4,2,2.4086,0.0003,0.01,2.406,2.4113,2.4084,2.4089
cpu-heavy,2048,Azure,Central India,Standard_D2as_v4,2,2,1.5667,0.1848,11.8,-0.094,3.2274,1.436,1.6974
cpu-heavy,2048,Azure,Central India,Standard_D2as_v4,4,2,0.7041,0.0185,2.63,0.5376,0.8706,0.691,0.7172
cpu-heavy,2048,Azure,Central India,Standard_D2s_v3,2,2,2.1967,0.0864,3.93,1.4204,2.973,2.1356,2.2578
cpu-heavy,2048,Azure,Central India,Standard_D2s_v3,4,2,1.032,0.0121,1.17,0.9234,1.1407,1.0235,1.0406
cpu-heavy,2048,Azure,Southeast Asia,Standard_D2s_v3,2,8,2.7885,0.2114,7.58,2.6118,2.9653,2.3756,3.0825
cpu-heavy,2048,Azure,Southeast Asia,Standard_D2s_v3,4,8,1.3433,0.0477,3.55,1.3034,1.3831,1.277,1.3886
cpu-heavy,2048,Azure,Southeast Asia,Standard_D4s_v3,2,8,1.3892,0.0702,5.06,1.3305,1.4479,1.2842,1.4909
cpu-heavy,2048,Azure,Southeast Asia,Standard_D4s_v3,4,6,0.8279,0.0415,5.01,0.7844,0.8714,0.7683,0.8934
cpu-heavy,3072,AWS,ap-south-1,m5.xlarge,4,2,2.2562,0.0241,1.07,2.0392,2.4732,2.2391,2.2733
cpu-heavy,3072,AWS,ap-southeast-1,c5.xlarge,2,2,3.6739,0.2834,7.71,1.1274,6.2203,3.4735,3.8743
cpu-heavy,3072,Azure,Central India,Standard_D2as_v4,2,2,1.863,0.0439,2.36,1.4684,2.2575,1.8319,1.894
cpu-heavy,3072,Azure,Central India,Standard_D2as_v4,4,2,0.8721,0.0397,4.56,0.5151,1.2291,0.844,0.9002
cpu-heavy,3072,Azure,Central India,Standard_D2ds_v4,4,2,1.1419,0.0279,2.44,0.8916,1.3922,1.1222,1.1616
cpu-heavy,3072,Azure,Central India,Standard_D2s_v3,2,2,2.9938,0.0378,1.26,2.6545,3.3331,2.9671,3.0205
cpu-heavy,3072,Azure,Central India,Standard_D2s_v3,4,2,1.2803,0.0203,1.59,1.098,1.4627,1.266,1.2947
cpu-heavy,3072,Azure,Central India,Standard_D4ds_v4,2,2,1.4364,0.0337,2.34,1.134,1.7388,1.4126,1.4602
cpu-heavy,3072,Azure,Central India,Standard_D4ds_v4,4,2,0.7003,0.007,1.0,0.6374,0.7631,0.6953,0.7052
cpu-heavy,3072,Azure,Southeast Asia,Standard_D2s_v3,2,6,3.8549,0.4618,11.98,3.3703,4.3395,3.214,4.4268
cpu-heavy,3072,Azure,Southeast Asia,Standard_D2s_v3,4,2,1.6776,0.0236,1.41,1.4654,1.8898,1.6609,1.6943
cpu-heavy,3072,Azure,Southeast Asia,Standard_D4s_v3,2,4,2.017,0.0711,3.52,1.904,2.1301,1.9543,2.0815
cpu-heavy,3072,Azure,Southeast Asia,Standard_D4s_v3,4,4,0.9431,0.023,2.44,0.9065,0.9797,0.9259,0.977
cpu-heavy,5120,AWS,ap-south-1,c5.xlarge,4,2,2.4734,0.1894,7.66,0.7714,4.1754,2.3394,2.6073
cpu-heavy,5120,AWS,ap-south-1,c5a.xlarge,4,2,2.206,0.0002,0.01,2.2044,2.2076,2.2058,2.2061
cpu-heavy,5120,AWS,ap-south-1,c6i.xlarge,4,4,2.8722,0.3632,12.64,2.2943,3.4502,2.3719,3.2386
cpu-heavy,5120,AWS,ap-south-1,m5.xlarge,2,3,5.3732,0.2402,4.47,4.7764,5.9699,5.1725,5.6394
cpu-heavy,5120,AWS,ap-south-1,m5.xlarge,4,3,3.0289,0.2268,7.49,2.4656,3.5923,2.7737,3.2072
cpu-heavy,5120,AWS,ap-south-1,m5a.xlarge,4,2,3.5366,0.37,10.46,0.2125,6.8608,3.275,3.7982
cpu-heavy,5120,AWS,ap-south-1,m6i.xlarge,2,3,4.3278,0.2549,5.89,3.6946,4.961,4.1057,4.6061
cpu-heavy,5120,AWS,ap-south-1,m6i.xlarge,4,3,2.4385,0.3932,16.13,1.4616,3.4153,2.1051,2.8721
cpu-heavy,5120,Azure,Central India,Standard_D2as_v4,2,2,3.1787,0.1166,3.67,2.1311,4.2264,3.0963,3.2612
cpu-heavy,5120,Azure,Central India,Standard_D2as_v4,4,2,1.2462,0.0284,2.28,0.9915,1.501,1.2262,1.2663
cpu-heavy,5120,Azure,Central India,Standard_D2ds_v4,2,2,4.4203,0.1682,3.81,2.9088,5.9317,4.3013,4.5392
cpu-heavy,5120,Azure,Central India,Standard_D2s_v3,2,4,3.0048,2.1194,70.53,-0.3676,6.3773,1.1689,4.8475
cpu-heavy,5120,Azure,Central India,Standard_D2s_v3,4,2,1.9198,0.0027,0.14,1.8957,1.9439,1.9179,1.9217
cpu-heavy,5120,Azure,Central India,Standard_D4ds_v4,4,2,1.0113,0.0072,0.71,0.9465,1.0761,1.0062,1.0164
cpu-heavy,5120,Azure,Southeast Asia,Standard_D2s_v3,2,2,6.3777,0.2317,3.63,4.2958,8.4597,6.2139,6.5416
cpu-heavy,5120,Azure,Southeast Asia,Standard_D2s_v3,4,4,2.4878,0.0379,1.52,2.4276,2.5481,2.4503,2.5369
cpu-heavy,5120,Azure,Southeast Asia,Standard_D4s_v3,2,4,3.1589,0.1453,4.6,2.9278,3.39,2.9843,3.2793
cpu-heavy,5120,Azure,Southeast Asia,Standard_D4s_v3,4,4,1.3632,0.0789,5.79,1.2376,1.4887,1.2597,1.4298
io-heavy,10,AWS,ap-south-1,c5.xlarge,2,2,0.8053,0.0003,0.04,0.8028,0.8078,0.8051,0.8055
io-heavy,10,AWS,ap-south-1,c5.xlarge,4,4,0.99,0.211,21.32,0.6542,1.3258,0.8737,1.3056
io-heavy,10,AWS,ap-south-1,c5a.xlarge,2,3,0.7499,0.0189,2.52,0.703,0.7968,0.7382,0.7717
io-heavy,10,AWS,ap-south-1,c5a.xlarge,4,3,0.8166,0.0188,2.3,0.7699,0.8633,0.8057,0.8384
io-heavy,10,AWS,ap-south-1,c6i.xlarge,2,2,0.705,0.0008,0.12,0.6975,0.7125,0.7044,0.7056
io-heavy,10,AWS,ap-south-1,c6i.xlarge,4,6,0.9162,0.2126,23.21,0.6931,1.1394,0.7383,1.2054
io-heavy,10,AWS,ap-south-1,m5.xlarge,2,6,0.9126,0.0643,7.04,0.8451,0.9801,0.8726,1.0391
io-heavy,10,AWS,ap-south-1,m5.xlarge,4,4,1.0571,0.1048,9.92,0.8904,1.2239,0.9055,1.1411
io-heavy,10,AWS,ap-south-1,m5a.xlarge,2,6,1.1257,0.035,3.11,1.0889,1.1624,1.0756,1.1758
io-heavy,10,AWS,ap-south-1,m5a.xlarge,4,2,1.326,0.0236,1.78,1.1141,1.5379,1.3093,1.3427
io-heavy,10,AWS,ap-south-1,m6i.xlarge,2,4,0.7808,0.0964,12.34,0.6275,0.9342,0.705,0.9067
io-heavy,10,AWS,ap-south-1,m6i.xlarge,4,4,0.8471,0.0501,5.92,0.7674,0.9269,0.772,0.8728
io-heavy,10,AWS,ap-southeast-1,c5.xlarge,2,3,0.9059,0.0007,0.08,0.904,0.9077,0.9051,0.9065
io-heavy,10,AWS,ap-southeast-1,c5a.xlarge,2,2,0.8721,0.0006,0.07,0.8669,0.8773,0.8717,0.8725
io-heavy,10,AWS,ap-southeast-1,c6i.xlarge,2,4,0.8303,0.0167,2.02,0.8037,0.857,0.8052,0.8389
io-heavy,10,AWS,ap-southeast-1,c6i.xlarge,4,3,1.2052,0.5776,47.92,-0.2295,2.64,0.8713,1.8721
io-heavy,10,AWS,ap-southeast-1,m5.xlarge,2,3,1.062,0.0836,7.88,0.8542,1.2697,0.9733,1.1395
io-heavy,10,AWS,ap-southeast-1,m5.xlarge,4,2,1.1561,0.0235,2.03,0.9447,1.3674,1.1395,1.1727
io-heavy,10,AWS,ap-southeast-1,m5a.xlarge,2,3,1.2859,0.0839,6.52,1.0776,1.4942,1.2078,1.3745
io-heavy,10,AWS,ap-southeast-1,m5a.xlarge,4,2,1.5265,0.1644,10.77,0.0494,3.0036,1.4102,1.6427
io-heavy,10,AWS,ap-southeast-1,m6i.xlarge,2,3,0.8613,0.0382,4.43,0.7664,0.9561,0.8388,0.9053
io-heavy,10,AWS,ap-southeast-1,m6i.xlarge,4,3,0.9495,0.051,5.37,0.8228,1.0761,0.9049,1.005
io-heavy,10,Azure,Central India,Standard_D2as_v4,2,2,0.3438,0.0066,1.91,0.2848,0.4029,0.3392,0.3485
io-heavy,10,Azure,Central India,Standard_D2as_v4,4,2,0.3395,0.0008,0.25,0.3319,0.3471,0.3389,0.3401
io-heavy,10,Azure,Central India,Standard_D2s_v3,2,6,0.6717,0.3566,53.09,0.2974,1.0459,0.4117,1.1662
io-heavy,10,Azure,Central India,Standard_D2s_v3,4,2,0.4363,0.0105,2.4,0.3423,0.5303,0.4289,0.4437
io-heavy,10,Azure,Southeast Asia,Standard_D2s_v3,2,12,0.6125,0.0416,6.8,0.5861,0.6389,0.5358,0.6872
io-heavy,10,Azure,Southeast Asia,Standard_D2s_v3,4,8,0.6073,0.0657,10.81,0.5524,0.6622,0.5074,0.6885
io-heavy,10,Azure,Southeast Asia,Standard_D4s_v3,2,6,0.3938,0.0464,11.79,0.3451,0.4426,0.3533,0.4545
io-heavy,10,Azure,Southeast Asia,Standard_D4s_v3,4,6,0.4162,0.0403,9.67,0.3739,0.4584,0.3646,0.4483
io-heavy,100,AWS,ap-south-1,c5.xlarge,4,3,1.0622,0.2692,25.35,0.3934,1.731,0.9052,1.3731
io-heavy,100,AWS,ap-south-1,c5a.xlarge,2,2,0.8549,0.0234,2.74,0.6445,1.0653,0.8384,0.8715
io-heavy,100,AWS,ap-south-1,c5a.xlarge,4,2,0.8397,0.0018,0.21,0.8235,0.8559,0.8384,0.8409
io-heavy,100,AWS,ap-south-1,c6i.xlarge,4,4,1.0551,0.3089,29.27,0.5636,1.5466,0.7711,1.3387
io-heavy,100,AWS,ap-south-1,m5.xlarge,2,5,1.0539,0.1257,11.93,0.8978,1.21,0.9737,1.2732
io-heavy,100,AWS,ap-south-1,m5.xlarge,4,4,1.098,0.0876,7.97,0.9587,1.2374,0.9732,1.1728
io-heavy,100,AWS,ap-south-1,m5a.xlarge,4,2,1.3085,0.1412,10.79,0.0396,2.5774,1.2087,1.4084
io-heavy,100,AWS,ap-south-1,m6i.xlarge,2,3,0.8278,0.0193,2.34,0.7798,0.8759,0.8055,0.8392
io-heavy,100,AWS,ap-south-1,m6i.xlarge,4,4,0.9049,0.0983,10.86,0.7485,1.0612,0.7715,1.0054
io-heavy,100,AWS,ap-southeast-1,c5.xlarge,2,5,1.1659,0.2684,23.02,0.8326,1.4992,1.0049,1.6396
io-heavy,100,AWS,ap-southeast-1,c5a.xlarge,2,3,0.9728,0.0001,0.01,0.9725,0.973,0.9727,0.9729
io-heavy,100,AWS,ap-southeast-1,m5.xlarge,4,2,1.2565,0.0227,1.81,1.0525,1.4604,1.2404,1.2725
io-heavy,100,AWS,ap-southeast-1,m6i.xlarge,2,3,1.1494,0.3072,26.73,0.3863,1.9125,0.9718,1.5041
io-heavy,100,AWS,ap-southeast-1,m6i.xlarge,4,2,1.0555,0.0232,2.2,0.8467,1.2643,1.039,1.0719
io-heavy,100,Azure,Central India,Standard_D2as_v4,2,2,0.4592,0.0047,1.03,0.4166,0.5017,0.4558,0.4625
io-heavy,100,Azure,Central India,Standard_D2as_v4,4,2,0.4561,0.0042,0.91,0.4186,0.4935,0.4531,0.459
io-heavy,100,Azure,Central India,Standard_D2s_v3,2,6,0.8075,0.2776,34.38,0.5162,1.0988,0.5902,1.1655
io-heavy,100,Azure,Central India,Standard_D2s_v3,4,2,0.6169,0.0118,1.91,0.5109,0.723,0.6086,0.6253
io-heavy,100,Azure,Southeast Asia,Standard_D2s_v3,2,12,0.8322,0.0628,7.55,0.7922,0.8721,0.7061,0.9191
io-heavy,100,Azure,Southeast Asia,Standard_D2s_v3,4,8,0.8347,0.0773,9.26,0.7701,0.8993,0.7152,0.9414
io-heavy,100,Azure,Southeast Asia,Standard_D4s_v3,2,6,0.5282,0.0618,11.69,0.4634,0.593,0.4773,0.6127
io-heavy,100,Azure,Southeast Asia,Standard_D4s_v3,4,6,0.5382,0.0432,8.04,0.4928,0.5835,0.4745,0.5743
io-heavy,500,AWS,ap-south-1,c5.xlarge,4,4,1.3313,0.407,30.57,0.6837,1.9788,1.1058,1.9399
io-heavy,500,AWS,ap-south-1,c5a.xlarge,4,2,1.2388,0.3307,26.7,-1.7327,4.2104,1.005,1.4727
io-heavy,500,AWS,ap-south-1,c6i.xlarge,2,2,1.1384,0.0472,4.15,0.7144,1.5623,1.105,1.1717
io-heavy,500,AWS,ap-south-1,c6i.xlarge,4,5,1.1986,0.2671,22.29,0.8669,1.5303,0.9382,1.4722
io-heavy,500,AWS,ap-south-1,m5.xlarge,2,5,1.4883,0.0716,4.81,1.3994,1.5772,1.4062,1.5812
io-heavy,500,AWS,ap-south-1,m5.xlarge,4,6,1.3741,0.104,7.57,1.2649,1.4833,1.1725,1.474
io-heavy,500,AWS,ap-south-1,m5a.xlarge,4,2,1.6277,0.2572,15.8,-0.6832,3.9387,1.4459,1.8096
io-heavy,500,AWS,ap-south-1,m6i.xlarge,2,4,1.1801,0.042,3.56,1.1133,1.2468,1.1385,1.2385
io-heavy,500,AWS,ap-south-1,m6i.xlarge,4,3,1.1052,0.1534,13.88,0.7242,1.4863,0.9378,1.239
io-heavy,500,AWS,ap-southeast-1,c5.xlarge,2,2,1.4908,0.0231,1.55,1.283,1.6987,1.4745,1.5072
io-heavy,500,AWS,ap-southeast-1,c5a.xlarge,4,2,1.4221,0.3535,24.86,-1.7541,4.5984,1.1722,1.6721
io-heavy,500,AWS,ap-southeast-1,c6i.xlarge,2,2,1.3054,0.0008,0.06,1.2985,1.3123,1.3048,1.3059
io-heavy,500,AWS,ap-southeast-1,m5a.xlarge,4,4,1.9261,0.1509,7.83,1.686,2.1662,1.8075,2.1436
io-heavy,500,AWS,ap-southeast-1,m6i.xlarge,2,4,1.3471,0.0877,6.51,1.2075,1.4867,1.2721,1.4722
io-heavy,500,AWS,ap-southeast-1,m6i.xlarge,4,3,1.2497,0.0189,1.51,1.2029,1.2966,1.2386,1.2715
io-heavy,500,Azure,Central India,Standard_D2as_v4,2,2,0.94,0.0011,0.11,0.9304,0.9495,0.9392,0.9407
io-heavy,500,Azure,Central India,Standard_D2as_v4,4,2,0.9432,0.0058,0.61,0.8911,0.9953,0.9391,0.9473
io-heavy,500,Azure,Central India,Standard_D2s_v3,2,6,1.2811,0.0843,6.58,1.1927,1.3696,1.1266,1.3552
io-heavy,500,Azure,Central India,Standard_D2s_v3,4,2,1.3358,0.0104,0.78,1.2425,1.4292,1.3285,1.3432
io-heavy,500,Azure,Southeast Asia,Standard_D2s_v3,2,10,1.7593,0.0956,5.43,1.6909,1.8276,1.5548,1.8323
io-heavy,500,Azure,Southeast Asia,Standard_D2s_v3,4,8,1.7819,0.1411,7.92,1.664,1.8999,1.5811,1.9543
io-heavy,500,Azure,Southeast Asia,Standard_D4s_v3,2,8,0.996,0.1002,10.06,0.9122,1.0797,0.9053,1.177
io-heavy,500,Azure,Southeast Asia,Standard_D4s_v3,4,6,1.0312,0.0976,9.47,0.9288,1.1337,0.9138,1.1461
io-heavy,1024,AWS,ap-south-1,c5.xlarge,4,4,1.4642,0.2943,20.1,0.996,1.9325,1.3056,1.905
io-heavy,1024,AWS,ap-south-1,c5a.xlarge,2,2,1.7223,0.0238,1.38,1.5086,1.936,1.7055,1.7391
io-heavy,1024,AWS,ap-south-1,c5a.xlarge,4,2,1.2069,0.0494,4.09,0.7634,1.6503,1.172,1.2418
io-heavy,1024,AWS,ap-south-1,c6i.xlarge,2,2,1.5547,0.0239,1.54,1.3397,1.7696,1.5378,1.5716
io-heavy,1024,AWS,ap-south-1,c6i.xlarge,4,5,1.5588,0.4094,26.26,1.0505,2.0671,1.1376,2.072
io-heavy,1024,AWS,ap-south-1,m5.xlarge,2,4,2.1736,0.1825,8.4,1.8832,2.4641,2.0403,2.4404
io-heavy,1024,AWS,ap-south-1,m5.xlarge,4,3,1.5843,0.0699,4.41,1.4107,1.758,1.5062,1.6409
io-heavy,1024,AWS,ap-south-1,m5a.xlarge,2,2,2.6586,0.0237,0.89,2.446,2.8713,2.6419,2.6754
io-heavy,1024,AWS,ap-south-1,m5a.xlarge,4,2,1.9261,0.2578,13.39,-0.3902,4.2424,1.7438,2.1084
io-heavy,1024,AWS,ap-south-1,m6i.xlarge,2,3,1.6167,0.0383,2.37,1.5217,1.7118,1.5725,1.6391
io-heavy,1024,AWS,ap-south-1,m6i.xlarge,4,3,1.2836,0.1259,9.81,0.9708,1.5963,1.1395,1.3721
io-heavy,1024,AWS,ap-southeast-1,c5a.xlarge,4,2,1.6724,0.4252,25.42,-2.1478,5.4926,1.3718,1.9731
io-heavy,1024,AWS,ap-southeast-1,m5.xlarge,4,2,1.8561,0.0242,1.31,1.6383,2.0739,1.8389,1.8732
io-heavy,1024,AWS,ap-southeast-1,m5a.xlarge,4,2,2.2417,0.0941,4.2,1.3966,3.0869,2.1752,2.3083
io-heavy,1024,AWS,ap-southeast-1,m6i.xlarge,2,2,1.8553,0.0234,1.26,1.6449,2.0657,1.8387,1.8718
io-heavy,1024,Azure,Central India,Standard_D2as_v4,2,2,1.557,0.0452,2.9,1.1511,1.963,1.5251,1.589
io-heavy,1024,Azure,Central India,Standard_D2as_v4,4,2,1.5613,0.0407,2.6,1.1959,1.9266,1.5325,1.59
io-heavy,1024,Azure,Central India,Standard_D2s_v3,2,4,2.2834,0.0642,2.81,2.1812,2.3856,2.2097,2.365
io-heavy,1024,Azure,Central India,Standard_D2s_v3,4,2,2.2907,0.0663,2.9,1.6948,2.8866,2.2438,2.3376
io-heavy,1024,Azure,Southeast Asia,Standard_D2s_v3,2,8,3.0314,0.0701,2.31,2.9728,3.0901,2.9461,3.1263
io-heavy,1024,Azure,Southeast Asia,Standard_D2s_v3,4,8,2.9752,0.2931,9.85,2.7302,3.2203,2.6155,3.4511
io-heavy,1024,Azure,Southeast Asia,Standard_D4s_v3,2,8,1.6553,0.166,10.03,1.5165,1.794,1.5062,1.905
io-heavy,1024,Azure,Southeast Asia,Standard_D4s_v3,4,6,1.7348,0.1558,8.98,1.5712,1.8983,1.5258,1.8916
io-heavy,2048,AWS,ap-south-1,m5.xlarge,4,3,2.2068,0.0338,1.53,2.1227,2.2909,2.1728,2.2405
io-heavy,2048,AWS,ap-south-1,m6i.xlarge,4,2,1.8053,0.0,0.0,1.8049,1.8058,1.8053,1.8054
io-heavy,2048,Azure,Central India,Standard_D2as_v4,2,2,2.7866,0.0384,1.38,2.4416,3.1315,2.7594,2.8137
io-heavy,2048,Azure,Central India,Standard_D2as_v4,4,2,2.8217,0.1464,5.19,1.5066,4.1368,2.7182,2.9252
io-heavy,2048,Azure,Central India,Standard_D2s_v3,2,2,4.1016,0.4625,11.28,-0.054,8.2571,3.7745,4.4286
io-heavy,2048,Azure,Central India,Standard_D2s_v3,4,2,3.9123,0.0132,0.34,3.7941,4.0305,3.903,3.9216
io-heavy,2048,Azure,Southeast Asia,Standard_D2s_v3,2,8,5.3731,0.2136,3.98,5.1945,5.5517,5.0485,5.6305
io-heavy,2048,Azure,Southeast Asia,Standard_D2s_v3,4,6,5.2435,0.4734,9.03,4.7467,5.7402,4.6917,5.9799
io-heavy,2048,Azure,Southeast Asia,Standard_D4s_v3,2,8,2.8664,0.2805,9.78,2.632,3.1009,2.588,3.3318
io-heavy,2048,Azure,Southeast Asia,Standard_D4s_v3,4,5,2.9318,0.2605,8.89,2.6084,3.2552,2.6175,3.2349
io-heavy,3072,AWS,ap-south-1,m5.xlarge,4,2,2.8399,0.1883,6.63,1.1478,4.5319,2.7067,2.973
io-heavy,3072,AWS,ap-south-1,m5a.xlarge,2,2,5.9255,0.0236,0.4,5.7138,6.1372,5.9088,5.9421
io-heavy,3072,AWS,ap-southeast-1,c5a.xlarge,4,2,2.0389,0.0002,0.01,2.0369,2.0408,2.0387,2.039
io-heavy,3072,AWS,ap-southeast-1,m5a.xlarge,4,2,3.6761,0.0933,2.54,2.8382,4.5141,3.6102,3.7421
io-heavy,3072,Azure,Central India,Standard_D2as_v4,2,2,4.0041,0.034,0.85,3.6985,4.3096,3.98,4.0281
io-heavy,3072,Azure,Central India,Standard_D2as_v4,4,2,3.8489,0.0374,0.97,3.5128,4.1849,3.8224,3.8753
io-heavy,3072,Azure,Central India,Standard_D2ds_v4,2,2,5.1357,0.0007,0.01,5.1293,5.1421,5.1352,5.1362
io-heavy,3072,Azure,Central India,Standard_D2ds_v4,4,2,5.2122,0.042,0.81,4.8348,5.5896,5.1825,5.2419
io-heavy,3072,Azure,Central India,Standard_D2s_v3,2,2,5.7555,0.1819,3.16,4.1209,7.3902,5.6269,5.8842
io-heavy,3072,Azure,Central India,Standard_D2s_v3,4,2,5.7566,0.2109,3.66,3.8614,7.6517,5.6074,5.9057
io-heavy,3072,Azure,Central India,Standard_D4ds_v4,4,2,2.9127,0.1076,3.69,1.9464,3.8791,2.8367,2.9888
io-heavy,3072,Azure,Southeast Asia,Standard_D2s_v3,2,2,7.6937,0.3627,4.71,4.4352,10.9523,7.4373,7.9502
io-heavy,3072,Azure,Southeast Asia,Standard_D2s_v3,4,3,7.5615,0.1424,1.88,7.2077,7.9153,7.3971,7.6472
io-heavy,3072,Azure,Southeast Asia,Standard_D4s_v3,2,4,4.2084,0.569,13.52,3.303,5.1138,3.6906,4.7109
io-heavy,3072,Azure,Southeast Asia,Standard_D4s_v3,4,4,4.0655,0.2971,7.31,3.5928,4.5382,3.7871,4.412
io-heavy,5120,AWS,ap-south-1,c5.xlarge,4,3,3.5509,0.7635,21.5,1.6544,5.4474,2.9398,4.4067
io-heavy,5120,AWS,ap-south-1,c5a.xlarge,4,2,2.7892,0.0704,2.53,2.1564,3.4221,2.7394,2.839
io-heavy,5120,AWS,ap-south-1,c6i.xlarge,4,4,3.4058,0.7123,20.91,2.2724,4.5392,2.3392,3.8065
io-heavy,5120,AWS,ap-south-1,m5.xlarge,2,3,6.9405,0.3277,4.72,6.1263,7.7547,6.6743,7.3066
io-heavy,5120,AWS,ap-south-1,m5.xlarge,4,3,3.8841,0.3092,7.96,3.116,4.6523,3.5402,4.1393
io-heavy,5120,AWS,ap-south-1,m5a.xlarge,4,2,4.4915,0.4002,8.91,0.8958,8.0871,4.2085,4.7744
io-heavy,5120,AWS,ap-south-1,m6i.xlarge,2,3,5.2289,0.1183,2.26,4.9349,5.5229,5.1048,5.3406
io-heavy,5120,AWS,ap-south-1,m6i.xlarge,4,3,3.1285,0.3716,11.88,2.2053,4.0517,2.7062,3.4059
io-heavy,5120,AWS,ap-southeast-1,c5a.xlarge,2,2,6.3724,0.0468,0.73,5.9516,6.7932,6.3393,6.4055
io-heavy,5120,AWS,ap-southeast-1,c6i.xlarge,2,2,5.9055,0.094,1.59,5.0607,6.7504,5.8391,5.972
io-heavy,5120,AWS,ap-southeast-1,m5a.xlarge,4,2,5.2107,0.0976,1.87,4.3342,6.0873,5.1418,5.2797
io-heavy,5120,Azure,Central India,Standard_D2as_v4,2,2,6.4787,0.5358,8.27,1.6649,11.2924,6.0998,6.8575
io-heavy,5120,Azure,Central India,Standard_D2as_v4,4,2,6.2738,0.0539,0.86,5.7897,6.7579,6.2357,6.3119
io-heavy,5120,Azure,Central India,Standard_D2s_v3,2,2,9.1444,0.3108,3.4,6.3516,11.9372,8.9246,9.3642
io-heavy,5120,Azure,Central India,Standard_D2s_v3,4,2,8.9962,0.0113,0.13,8.8946,9.0978,8.9882,9.0042
io-heavy,5120,Azure,Central India,Standard_D4as_v4,2,2,2.6742,0.0518,1.94,2.2092,3.1392,2.6376,2.7108
io-heavy,5120,Azure,Central India,Standard_D4ds_v4,4,2,3.7281,0.0338,0.91,3.4244,4.0318,3.7042,3.752
io-heavy,5120,Azure,Central India,Standard_D4s_v3,2,2,4.1379,0.2539,6.14,1.8565,6.4192,3.9583,4.3174
io-heavy,5120,Azure,Southeast Asia,Standard_D2s_v3,2,2,12.3186,0.0592,0.48,11.7868,12.8503,12.2767,12.3604
io-heavy,5120,Azure,Southeast Asia,Standard_D2s_v3,4,4,12.1497,0.6882,5.66,11.0546,13.2448,11.4738,13.0251
io-heavy,5120,Azure,Southeast Asia,Standard_D4s_v3,2,2,4.6951,0.2589,5.51,2.3693,7.021,4.5121,4.8782
io-heavy,5120,Azure,Southeast Asia,Standard_D4s_v3,4,4,5.0697,0.7415,14.63,3.8897,6.2497,4.4467,5.9776
memory-heavy,10,AWS,ap-south-1,c5.xlarge,4,3,1.0507,0.2037,19.39,0.5447,1.5568,0.8728,1.2729
memory-heavy,10,AWS,ap-south-1,c5a.xlarge,4,4,0.8639,0.074,8.57,0.7461,0.9817,0.8056,0.9724
memory-heavy,10,AWS,ap-south-1,c6i.xlarge,2,2,0.6888,0.024,3.48,0.4732,0.9044,0.6718,0.7058
memory-heavy,10,AWS,ap-south-1,c6i.xlarge,4,4,0.9888,0.2725,27.56,0.5551,1.4225,0.7056,1.2385
memory-heavy,10,AWS,ap-south-1,m5.xlarge,2,3,1.025,0.0454,4.43,0.9122,1.1377,0.9737,1.06
memory-heavy,10,AWS,ap-south-1,m5.xlarge,4,4,1.048,0.0953,9.09,0.8964,1.1996,0.9071,1.1062
memory-heavy,10,AWS,ap-south-1,m5a.xlarge,4,4,1.2762,0.0976,7.65,1.1208,1.4315,1.1439,1.3758
memory-heavy,10,AWS,ap-south-1,m6i.xlarge,2,4,0.73,0.0503,6.89,0.6499,0.81,0.6711,0.7723
memory-heavy,10,AWS,ap-south-1,m6i.xlarge,4,5,0.8656,0.0956,11.04,0.7469,0.9842,0.7383,1.0053
memory-heavy,10,AWS,ap-southeast-1,c5.xlarge,2,2,0.8891,0.0233,2.62,0.6795,1.0988,0.8726,0.9056
memory-heavy,10,AWS,ap-southeast-1,c5.xlarge,4,4,0.957,0.0191,1.99,0.9266,0.9873,0.9402,0.9735
memory-heavy,10,AWS,ap-southeast-1,c5a.xlarge,2,2,0.8055,0.0003,0.03,0.803,0.8079,0.8053,0.8056
memory-heavy,10,AWS,ap-southeast-1,c5a.xlarge,4,2,1.0722,0.283,26.4,-1.4707,3.615,0.872,1.2723
memory-heavy,10,AWS,ap-southeast-1,c6i.xlarge,2,2,0.7389,0.0474,6.42,0.3126,1.1652,0.7053,0.7724
memory-heavy,10,AWS,ap-southeast-1,c6i.xlarge,4,3,0.9724,0.2338,24.04,0.3917,1.5531,0.8049,1.2394
memory-heavy,10,AWS,ap-southeast-1,m5.xlarge,2,3,0.9511,0.0513,5.39,0.8238,1.0785,0.9067,1.0072
memory-heavy,10,AWS,ap-southeast-1,m5.xlarge,4,5,1.1401,0.0474,4.15,1.0813,1.1989,1.1066,1.2072
memory-heavy,10,AWS,ap-southeast-1,m5a.xlarge,2,3,1.1753,0.0007,0.06,1.1736,1.177,1.1746,1.1759
memory-heavy,10,AWS,ap-southeast-1,m5a.xlarge,4,2,1.4757,0.0014,0.09,1.4636,1.4879,1.4748,1.4767
memory-heavy,10,AWS,ap-southeast-1,m6i.xlarge,2,3,0.7499,0.0191,2.54,0.7025,0.7974,0.7387,0.772
memory-heavy,10,AWS,ap-southeast-1,m6i.xlarge,4,3,0.9274,0.0385,4.15,0.8317,1.0231,0.905,0.9719
memory-heavy,10,Azure,Central India,Standard_D2as_v4,2,2,0.3743,0.0116,3.1,0.2701,0.4785,0.3661,0.3825
memory-heavy,10,Azure,Central India,Standard_D2as_v4,4,2,0.3695,0.0006,0.17,0.3637,0.3752,0.369,0.3699
memory-heavy,10,Azure,Central India,Standard_D2s_v3,2,6,0.697,0.3366,48.3,0.3437,1.0502,0.4588,1.1654
memory-heavy,10,Azure,Central India,Standard_D2s_v3,4,2,0.4923,0.0075,1.52,0.425,0.5596,0.487,0.4976
memory-heavy,10,Azure,Southeast Asia,Standard_D2s_v3,2,12,0.6749,0.0538,7.97,0.6408,0.7091,0.5927,0.7548
memory-heavy,10,Azure,Southeast Asia,Standard_D2s_v3,4,8,0.6675,0.025,3.75,0.6466,0.6884,0.6259,0.6947
memory-heavy,10,Azure,Southeast Asia,Standard_D4s_v3,2,6,0.4396,0.007,1.58,0.4323,0.4469,0.4289,0.4496
memory-heavy,10,Azure,Southeast Asia,Standard_D4s_v3,4,6,0.4298,0.018,4.2,0.4109,0.4487,0.4043,0.4459
memory-heavy,100,AWS,ap-south-1,c5.xlarge,2,3,0.9286,0.1267,13.64,0.6139,1.2434,0.8395,1.0737
memory-heavy,100,AWS,ap-south-1,c5.xlarge,4,4,1.0398,0.2031,19.53,0.7167,1.363,0.906,1.3417
memory-heavy,100,AWS,ap-south-1,c5a.xlarge,4,2,0.8558,0.0234,2.73,0.6456,1.066,0.8392,0.8723
memory-heavy,100,AWS,ap-south-1,c6i.xlarge,2,2,0.7553,0.0238,3.15,0.5415,0.9691,0.7385,0.7721
memory-heavy,100,AWS,ap-south-1,c6i.xlarge,4,7,0.9388,0.201,21.41,0.7529,1.1246,0.7718,1.2397
memory-heavy,100,AWS,ap-south-1,m5.xlarge,2,3,0.9955,0.039,3.92,0.8987,1.0924,0.9724,1.0406
memory-heavy,100,AWS,ap-south-1,m5.xlarge,4,4,1.0911,0.1099,10.07,0.9163,1.2659,0.9418,1.2067
memory-heavy,100,AWS,ap-south-1,m5a.xlarge,2,2,1.2259,0.0221,1.8,1.0272,1.4247,1.2103,1.2416
memory-heavy,100,AWS,ap-south-1,m5a.xlarge,4,4,1.3508,0.0953,7.05,1.1992,1.5023,1.21,1.4104
memory-heavy,100,AWS,ap-south-1,m6i.xlarge,2,4,0.9053,0.2253,24.89,0.5467,1.2638,0.7714,1.24
memory-heavy,100,AWS,ap-south-1,m6i.xlarge,4,3,0.8834,0.1018,11.52,0.6305,1.1362,0.7724,0.9724
memory-heavy,100,AWS,ap-southeast-1,c5.xlarge,4,2,1.0728,0.0936,8.73,0.2315,1.9142,1.0066,1.1391
memory-heavy,100,AWS,ap-southeast-1,c6i.xlarge,2,3,0.7942,0.0199,2.51,0.7447,0.8436,0.7712,0.8062
memory-heavy,100,AWS,ap-southeast-1,c6i.xlarge,4,2,1.0893,0.2584,23.72,-1.2321,3.4107,0.9066,1.272
memory-heavy,100,AWS,ap-southeast-1,m5.xlarge,4,2,1.1912,0.0732,6.15,0.5331,1.8493,1.1394,1.243
memory-heavy,100,AWS,ap-southeast-1,m5a.xlarge,2,2,1.2747,0.0002,0.02,1.2726,1.2768,1.2745,1.2748
memory-heavy,100,AWS,ap-southeast-1,m5a.xlarge,4,2,1.5095,0.0948,6.28,0.6573,2.3616,1.4424,1.5765
memory-heavy,100,AWS,ap-southeast-1,m6i.xlarge,4,2,1.355,0.1173,8.66,0.3007,2.4093,1.272,1.438
memory-heavy,100,Azure,Central India,Standard_D2as_v4,2,2,0.4723,0.0057,1.21,0.4208,0.5237,0.4682,0.4763
memory-heavy,100,Azure,Central India,Standard_D2as_v4,4,2,0.4057,0.0056,1.38,0.3555,0.4558,0.4017,0.4096
memory-heavy,100,Azure,Central India,Standard_D2s_v3,2,6,0.7839,0.2946,37.58,0.4747,1.0931,0.5837,1.166
memory-heavy,100,Azure,Central India,Standard_D2s_v3,4,2,0.5514,0.0049,0.88,0.5076,0.5953,0.548,0.5549
memory-heavy,100,Azure,Southeast Asia,Standard_D2s_v3,2,12,0.8303,0.0648,7.8,0.7891,0.8714,0.7264,0.9125
memory-heavy,100,Azure,Southeast Asia,Standard_D2s_v3,4,8,0.7474,0.0404,5.4,0.7137,0.7812,0.6873,0.8031
memory-heavy,100,Azure,Southeast Asia,Standard_D4s_v3,2,6,0.5269,0.0055,1.04,0.5212,0.5327,0.5219,0.5366
memory-heavy,100,Azure,Southeast Asia,Standard_D4s_v3,4,6,0.4959,0.0156,3.15,0.4795,0.5123,0.4705,0.5129
memory-heavy,500,AWS,ap-south-1,c5.xlarge,2,2,1.3074,0.0916,7.01,0.4845,2.1303,1.2426,1.3722
memory-heavy,500,AWS,ap-south-1,c5.xlarge,4,4,1.1981,0.2603,21.73,0.7839,1.6124,1.0066,1.5735
memory-heavy,500,AWS,ap-south-1,c5a.xlarge,2,2,1.1554,0.0705,6.1,0.5218,1.789,1.1055,1.2053
memory-heavy,500,AWS,ap-south-1,c5a.xlarge,4,3,0.9614,0.0193,2.01,0.9135,1.0093,0.9391,0.9727
memory-heavy,500,AWS,ap-south-1,c6i.xlarge,2,3,1.0403,0.0329,3.16,0.9586,1.1219,1.0058,1.0713
memory-heavy,500,AWS,ap-south-1,c6i.xlarge,4,6,1.1229,0.3713,33.07,0.7332,1.5126,0.8746,1.7735
memory-heavy,500,AWS,ap-south-1,m5.xlarge,2,5,1.3949,0.0801,5.74,1.2954,1.4944,1.3065,1.5058
memory-heavy,500,AWS,ap-south-1,m5.xlarge,4,5,1.2733,0.108,8.48,1.1392,1.4073,1.1066,1.4067
memory-heavy,500,AWS,ap-south-1,m5a.xlarge,2,2,1.7757,0.0475,2.67,1.3491,2.2022,1.7421,1.8092
memory-heavy,500,AWS,ap-south-1,m5a.xlarge,4,2,1.5268,0.2121,13.89,-0.3792,3.4329,1.3768,1.6768
memory-heavy,500,AWS,ap-south-1,m6i.xlarge,2,3,1.0829,0.0686,6.33,0.9125,1.2533,1.0061,1.138
memory-heavy,500,AWS,ap-south-1,m6i.xlarge,4,3,1.0498,0.0837,7.98,0.8418,1.2578,0.9719,1.1384
memory-heavy,500,AWS,ap-southeast-1,c5.xlarge,2,2,1.2417,0.0443,3.57,0.8438,1.6396,1.2104,1.273
memory-heavy,500,AWS,ap-southeast-1,c5.xlarge,4,3,1.2739,0.234,18.37,0.6926,1.8552,1.1066,1.5413
memory-heavy,500,AWS,ap-southeast-1,c5a.xlarge,2,2,1.1887,0.0243,2.04,0.9704,1.4071,1.1715,1.2059
memory-heavy,500,AWS,ap-southeast-1,m5.xlarge,4,2,1.3904,0.0235,1.69,1.1792,1.6016,1.3738,1.407
memory-heavy,500,AWS,ap-southeast-1,m6i.xlarge,2,3,1.1164,0.051,4.57,0.9897,1.2432,1.0719,1.1721
memory-heavy,500,AWS,ap-southeast-1,m6i.xlarge,4,2,1.1052,0.0004,0.03,1.1021,1.1084,1.105,1.1055
memory-heavy,500,Azure,Central India,Standard_D2as_v4,2,2,0.8238,0.018,2.18,0.6624,0.9852,0.8111,0.8365
memory-heavy,500,Azure,Central India,Standard_D2as_v4,4,2,0.5326,0.0054,1.01,0.4843,0.5809,0.5288,0.5364
memory-heavy,500,Azure,Central India,Standard_D2s_v3,2,6,1.1481,0.0261,2.28,1.1207,1.1755,1.1083,1.1854
memory-heavy,500,Azure,Central India,Standard_D2s_v3,4,2,0.7465,0.0018,0.24,0.7306,0.7623,0.7452,0.7477
memory-heavy,500,Azure,Southeast Asia,Standard_D2s_v3,2,11,1.5248,0.1114,7.31,1.4499,1.5996,1.3449,1.6456
memory-heavy,500,Azure,Southeast Asia,Standard_D2s_v3,4,8,0.9739,0.0237,2.44,0.954,0.9937,0.9279,1.002
memory-heavy,500,Azure,Southeast Asia,Standard_D4s_v3,2,7,0.8623,0.0382,4.43,0.827,0.8977,0.7811,0.8977
memory-heavy,500,Azure,Southeast Asia,Standard_D4s_v3,4,6,0.6259,0.0149,2.38,0.6102,0.6415,0.6059,0.6429
memory-heavy,1024,AWS,ap-south-1,c5.xlarge,4,4,1.4061,0.248,17.64,1.0114,1.8008,1.2394,1.7729
memory-heavy,1024,AWS,ap-south-1,c5a.xlarge,4,3,1.2278,0.158,12.87,0.8352,1.6204,1.105,1.4061
memory-heavy,1024,AWS,ap-south-1,c6i.xlarge,4,4,1.5133,0.1618,10.69,1.2558,1.7707,1.2717,1.6048
memory-heavy,1024,AWS,ap-south-1,m5.xlarge,2,4,1.8322,0.2096,11.44,1.4987,2.1657,1.57,2.0787
memory-heavy,1024,AWS,ap-south-1,m5.xlarge,4,3,1.4399,0.1327,9.21,1.1103,1.7695,1.3068,1.5721
memory-heavy,1024,AWS,ap-south-1,m5a.xlarge,4,2,1.7581,0.2116,12.04,-0.143,3.6593,1.6085,1.9078
memory-heavy,1024,AWS,ap-south-1,m6i.xlarge,2,3,1.5501,0.0697,4.5,1.377,1.7232,1.472,1.6058
memory-heavy,1024,AWS,ap-south-1,m6i.xlarge,4,4,1.2555,0.2378,18.94,0.8771,1.634,1.0722,1.6052
memory-heavy,1024,AWS,ap-southeast-1,c5.xlarge,2,2,1.7396,0.0472,2.71,1.3159,2.1634,1.7063,1.773
memory-heavy,1024,AWS,ap-southeast-1,m5.xlarge,2,2,1.9732,0.0003,0.01,1.9706,1.9759,1.973,1.9734
memory-heavy,1024,AWS,ap-southeast-1,m5a.xlarge,2,2,2.5768,0.0455,1.77,2.1679,2.9857,2.5446,2.609
memory-heavy,1024,AWS,ap-southeast-1,m5a.xlarge,4,2,2.1754,0.1883,8.66,0.4832,3.8677,2.0423,2.3086
memory-heavy,1024,Azure,Central India,Standard_D2as_v4,2,2,1.2891,0.0172,1.33,1.1348,1.4435,1.277,1.3013
memory-heavy,1024,Azure,Central India,Standard_D2as_v4,4,2,0.7938,0.037,4.66,0.4616,1.1261,0.7677,0.82
memory-heavy,1024,Azure,Central India,Standard_D2s_v3,2,6,1.669,0.3485,20.88,1.3033,2.0347,1.1856,1.9334
memory-heavy,1024,Azure,Central India,Standard_D2s_v3,4,2,1.0781,0.0053,0.49,1.0305,1.1258,1.0744,1.0819
memory-heavy,1024,Azure,Southeast Asia,Standard_D2s_v3,2,9,2.4436,0.1595,6.53,2.321,2.5663,2.2198,2.5978
memory-heavy,1024,Azure,Southeast Asia,Standard_D2s_v3,4,8,1.4697,0.0307,2.09,1.444,1.4954,1.4353,1.5146
memory-heavy,1024,Azure,Southeast Asia,Standard_D4s_v3,2,8,1.3205,0.0941,7.13,1.2419,1.3992,1.1622,1.4324
memory-heavy,1024,Azure,Southeast Asia,Standard_D4s_v3,4,6,0.7921,0.0265,3.35,0.7643,0.8199,0.7691,0.8373
memory-heavy,2048,AWS,ap-south-1,c5.xlarge,4,2,1.556,0.0239,1.54,1.3413,1.7707,1.5391,1.5729
memory-heavy,2048,AWS,ap-south-1,c6i.xlarge,2,2,2.1222,0.1193,5.62,1.05,3.1944,2.0378,2.2066
memory-heavy,2048,AWS,ap-south-1,m5.xlarge,4,4,1.9645,0.0502,2.56,1.8846,2.0444,1.939,2.0398
memory-heavy,2048,AWS,ap-south-1,m6i.xlarge,2,2,2.1055,0.0465,2.21,1.6881,2.5228,2.0726,2.1383
memory-heavy,2048,AWS,ap-south-1,m6i.xlarge,4,2,1.5388,0.0001,0.01,1.5379,1.5398,1.5388,1.5389
memory-heavy,2048,AWS,ap-southeast-1,m5a.xlarge,4,3,2.5977,0.019,0.73,2.5507,2.6448,2.5758,2.6089
memory-heavy,2048,Azure,Central India,Standard_D2as_v4,2,2,2.2807,0.0389,1.71,1.9313,2.6301,2.2532,2.3082
memory-heavy,2048,Azure,Central India,Standard_D2as_v4,4,2,1.0585,0.0121,1.14,0.9499,1.1672,1.05,1.0671
memory-heavy,2048,Azure,Central India,Standard_D2s_v3,2,2,3.285,0.0815,2.48,2.5524,4.0175,3.2273,3.3426
memory-heavy,2048,Azure,Central India,Standard_D2s_v3,4,2,1.5509,0.0103,0.67,1.4581,1.6437,1.5436,1.5582
memory-heavy,2048,Azure,Southeast Asia,Standard_D2s_v3,2,8,4.3732,0.3173,7.26,4.108,4.6385,3.8651,4.6525
memory-heavy,2048,Azure,Southeast Asia,Standard_D2s_v3,4,8,2.0128,0.0484,2.4,1.9723,2.0532,1.9414,2.0926
memory-heavy,2048,Azure,Southeast Asia,Standard_D4s_v3,2,8,2.229,0.1498,6.72,2.1038,2.3543,2.0508,2.4245
memory-heavy,2048,Azure,Southeast Asia,Standard_D4s_v3,4,6,1.2169,0.0313,2.57,1.1841,1.2497,1.1783,1.2707
memory-heavy,3072,AWS,ap-south-1,c5.xlarge,4,2,1.8398,0.0002,0.01,1.8383,1.8413,1.8397,1.8399
memory-heavy,3072,AWS,ap-south-1,m5.xlarge,4,2,2.3947,0.0671,2.8,1.7919,2.9975,2.3473,2.4421
memory-heavy,3072,AWS,ap-south-1,m5a.xlarge,4,2,3.009,0.0474,1.57,2.5834,3.4345,2.9755,3.0425
memory-heavy,3072,AWS,ap-southeast-1,c5.xlarge,4,2,1.8234,0.0232,1.27,1.6154,2.0315,1.8071,1.8398
memory-heavy,3072,AWS,ap-southeast-1,m5.xlarge,2,2,3.7738,0.0016,0.04,3.7596,3.788,3.7727,3.7749
memory-heavy,3072,AWS,ap-southeast-1,m5a.xlarge,2,2,5.2429,0.0004,0.01,5.2391,5.2467,5.2426,5.2432
memory-heavy,3072,Azure,Central India,Standard_D2as_v4,2,2,3.1593,0.1595,5.05,1.7266,4.5919,3.0465,3.272
memory-heavy,3072,Azure,Central India,Standard_D2as_v4,4,2,1.2967,0.0056,0.43,1.2466,1.3469,1.2928,1.3007
memory-heavy,3072,Azure,Central India,Standard_D2ds_v4,4,2,1.7226,0.0466,2.71,1.3039,2.1412,1.6896,1.7555
memory-heavy,3072,Azure,Central India,Standard_D2s_v3,2,2,4.8088,0.0208,0.43,4.622,4.9956,4.7941,4.8235
memory-heavy,3072,Azure,Central India,Standard_D2s_v3,4,2,1.9103,0.0411,2.15,1.5411,2.2794,1.8812,1.9393
memory-heavy,3072,Azure,Central India,Standard_D4ds_v4,2,2,2.3439,0.0472,2.01,1.9202,2.7677,2.3106,2.3773
memory-heavy,3072,Azure,Central India,Standard_D4ds_v4,4,2,1.046,0.0014,0.14,1.0333,1.0587,1.045,1.047
memory-heavy,3072,Azure,Southeast Asia,Standard_D2s_v3,2,5,5.9647,0.4166,6.98,5.4475,6.482,5.3428,6.3669
memory-heavy,3072,Azure,Southeast Asia,Standard_D2s_v3,4,2,2.5766,0.03,1.16,2.3072,2.846,2.5554,2.5978
memory-heavy,3072,Azure,Southeast Asia,Standard_D4s_v3,2,4,3.2045,0.1432,4.47,2.9767,3.4324,3.0928,3.4081
memory-heavy,3072,Azure,Southeast Asia,Standard_D4s_v3,4,4,1.4616,0.0133,0.91,1.4404,1.4828,1.4515,1.4805
memory-heavy,5120,AWS,ap-south-1,c5.xlarge,4,3,3.0513,0.5963,19.54,1.57,4.5325,2.5409,3.7067
memory-heavy,5120,AWS,ap-south-1,c5a.xlarge,4,2,2.2885,0.0234,1.02,2.0783,2.4987,2.272,2.3051
memory-heavy,5120,AWS,ap-south-1,c6i.xlarge,4,4,2.9808,0.4613,15.48,2.2467,3.7149,2.3392,3.439
memory-heavy,5120,AWS,ap-south-1,m5.xlarge,2,3,5.5286,0.1343,2.43,5.195,5.8622,5.3736,5.6062
memory-heavy,5120,AWS,ap-south-1,m5.xlarge,4,4,3.2069,0.1653,5.15,2.944,3.4699,2.9737,3.3399
memory-heavy,5120,AWS,ap-south-1,m5a.xlarge,2,2,7.3417,0.1416,1.93,6.0699,8.6135,7.2416,7.4418
memory-heavy,5120,AWS,ap-south-1,m5a.xlarge,4,2,3.8585,0.4483,11.62,-0.1695,7.8866,3.5415,4.1756
memory-heavy,5120,AWS,ap-south-1,m6i.xlarge,2,3,4.3392,0.1464,3.37,3.9754,4.703,4.2379,4.5072
memory-heavy,5120,AWS,ap-south-1,m6i.xlarge,4,3,2.5275,0.1642,6.5,2.1196,2.9355,2.339,2.6391
memory-heavy,5120,AWS,ap-southeast-1,m5a.xlarge,4,2,4.3798,0.0433,0.99,3.9905,4.7692,4.3492,4.4105
memory-heavy,5120,Azure,Central India,Standard_D2as_v4,2,2,4.9527,0.185,3.73,3.2907,6.6147,4.8219,5.0835
memory-heavy,5120,Azure,Central India,Standard_D2as_v4,4,2,1.9949,0.0006,0.03,1.9898,2.0,1.9945,1.9953
memory-heavy,5120,Azure,Central India,Standard_D2s_v3,2,4,4.3281,3.655,84.45,-1.4879,10.144,1.1613,7.5991
memory-heavy,5120,Azure,Central India,Standard_D2s_v3,4,2,3.0542,0.0501,1.64,2.6044,3.504,3.0188,3.0896
memory-heavy,5120,Azure,Central India,Standard_D4ds_v4,4,2,1.5563,0.0577,3.71,1.0379,2.0747,1.5155,1.5971
memory-heavy,5120,Azure,Southeast Asia,Standard_D2s_v3,2,2,10.2521,0.067,0.65,9.6504,10.8537,10.2047,10.2994
memory-heavy,5120,Azure,Southeast Asia,Standard_D2s_v3,4,4,4.0151,0.0827,2.06,3.8835,4.1467,3.8919,4.066
memory-heavy,5120,Azure,Southeast Asia,Standard_D4s_v3,2,2,5.3669,0.0827,1.54,4.6236,6.1102,5.3084,5.4254
memory-heavy,5120,Azure,Southeast Asia,Standard_D4s_v3,4,4,2.1127,0.0789,3.73,1.9872,2.2382,2.007,2.1961
