workload_type,dataset_size_mb,configurations,cheapest,cheapest_cost_usd,cheapest_emissions_gco2eq,greenest,greenest_cost_usd,greenest_emissions_gco2eq,fastest,fastest_runtime_minutes,cheapest_is_greenest,cost_penalty_of_greenest_pct,carbon_saving_of_greenest_pct
cpu-heavy,10,32,Azure Central India Standard_D2as_v4 x2,0.0006,0.0151,Azure Central India Standard_D2as_v4 x2,0.0006,0.0151,Azure Central India Standard_D2as_v4 x2,0.2741,True,0.0,0.0
cpu-heavy,100,32,Azure Central India Standard_D2as_v4 x2,0.0007,0.0174,Azure Central India Standard_D2as_v4 x2,0.0007,0.0174,Azure Central India Standard_D2as_v4 x4,0.3085,True,0.0,0.0
cpu-heavy,500,32,Azure Central India Standard_D2as_v4 x2,0.00115,0.03,Azure Central India Standard_D2as_v4 x2,0.00115,0.03,Azure Central India Standard_D2as_v4 x4,0.3883,True,0.0,0.0
cpu-heavy,1024,32,Azure Central India Standard_D2as_v4 x2,0.00175,0.0468,Azure Central India Standard_D2as_v4 x2,0.00175,0.0468,Azure Central India Standard_D2as_v4 x4,0.5518,True,0.0,0.0
cpu-heavy,2048,32,Azure Central India Standard_D2as_v4 x4,0.00295,0.0773,Azure Central India Standard_D2as_v4 x4,0.00295,0.0773,Azure Central India Standard_D2as_v4 x4,0.7041,True,0.0,0.0
cpu-heavy,3072,35,Azure Central India Standard_D2as_v4 x4,0.0036,0.0958,Azure Central India Standard_D2as_v4 x4,0.0036,0.0958,Azure Central India Standard_D4ds_v4 x4,0.7003,True,0.0,0.0
cpu-heavy,5120,34,Azure Central India Standard_D2as_v4 x4,0.0052,0.1369,Azure Central India Standard_D2as_v4 x4,0.0052,0.1369,Azure Central India Standard_D4ds_v4 x4,1.0113,True,0.0,0.0
io-heavy,10,32,Azure Central India Standard_D2as_v4 x2,0.0007,0.0189,Azure Central India Standard_D2as_v4 x2,0.0007,0.0189,Azure Central India Standard_D2as_v4 x4,0.3395,True,0.0,0.0
io-heavy,100,32,Azure Central India Standard_D2as_v4 x2,0.00095,0.0252,Azure Central India Standard_D2as_v4 x2,0.00095,0.0252,Azure Central India Standard_D2as_v4 x4,0.4561,True,0.0,0.0
io-heavy,500,32,Azure Central India Standard_D2as_v4 x2,0.00195,0.0516,Azure Central India Standard_D2as_v4 x2,0.00195,0.0516,Azure Central India Standard_D2as_v4 x2,0.94,True,0.0,0.0
io-heavy,1024,32,Azure Central India Standard_D2as_v4 x2,0.00325,0.0855,Azure Central India Standard_D2as_v4 x2,0.00325,0.0855,AWS ap-south-1 c5a.xlarge x4,1.2069,True,0.0,0.0
io-heavy,2048,32,Azure Central India Standard_D2as_v4 x2,0.00575,0.153,Azure Central India Standard_D2as_v4 x2,0.00575,0.153,AWS ap-south-1 c5a.xlarge x4,1.5383,True,0.0,0.0
io-heavy,3072,36,Azure Central India Standard_D2as_v4 x2,0.00835,0.2199,Azure Central India Standard_D2as_v4 x2,0.00835,0.2199,AWS ap-south-1 c6i.xlarge x4,1.8057,True,0.0,0.0
io-heavy,5120,35,Azure Central India Standard_D4as_v4 x2,0.01095,0.293,Azure Central India Standard_D4as_v4 x2,0.01095,0.293,Azure Central India Standard_D4as_v4 x2,2.6742,True,0.0,0.0
memory-heavy,10,32,Azure Central India Standard_D2as_v4 x2,0.0008,0.0206,Azure Central India Standard_D2as_v4 x2,0.0008,0.0206,Azure Central India Standard_D2as_v4 x4,0.3695,True,0.0,0.0
memory-heavy,100,32,Azure Central India Standard_D2as_v4 x2,0.001,0.0259,Azure Central India Standard_D2as_v4 x2,0.001,0.0259,Azure Central India Standard_D2as_v4 x4,0.4057,True,0.0,0.0
memory-heavy,500,32,Azure Central India Standard_D2as_v4 x2,0.0017,0.0452,Azure Central India Standard_D2as_v4 x2,0.0017,0.0452,Azure Central India Standard_D2as_v4 x4,0.5326,True,0.0,0.0
memory-heavy,1024,32,Azure Central India Standard_D2as_v4 x2,0.00265,0.0708,Azure Central India Standard_D2as_v4 x2,0.00265,0.0708,Azure Southeast Asia Standard_D4s_v3 x4,0.7921,True,0.0,0.0
memory-heavy,2048,32,Azure Central India Standard_D2as_v4 x4,0.0044,0.1162,Azure Central India Standard_D2as_v4 x4,0.0044,0.1162,Azure Central India Standard_D2as_v4 x4,1.0585,True,0.0,0.0
memory-heavy,3072,35,Azure Central India Standard_D2as_v4 x4,0.0054,0.1424,Azure Central India Standard_D2as_v4 x4,0.0054,0.1424,Azure Central India Standard_D4ds_v4 x4,1.046,True,0.0,0.0
memory-heavy,5120,34,Azure Central India Standard_D2as_v4 x4,0.0083,0.2191,Azure Central India Standard_D2as_v4 x4,0.0083,0.2191,Azure Central India Standard_D4ds_v4 x4,1.5563,True,0.0,0.0
