timestamp_utc,region,dataset_size_mb,workload_type,instance_type,nodes,stage,cluster_id,step_id,state,reason,manual_command
2026-07-22T18:29:54.371361+00:00,ap-southeast-1,100.0,cpu-heavy,m5.xlarge,2,step,j-9N8Z4SNM9P0Q,s-0378836KQQU893COC0M,CANCELLED,"{'State': 'CANCELLED', 'StateChangeReason': {'Message': 'Cluster terminated'}, 'Timeline': {'CreationDateTime': datetime.datetime(2026, 7, 22, 23, 59, 23, 378000, tzinfo=tzlocal())}}",python scripts/run_emr_regional_resumable_batch.py --region ap-southeast-1 --dataset-sizes-mb 100 --workloads cpu-heavy --instance-types m5.xlarge --nodes-list 2 --ec2-key-name cost-aware-emr-key --pricing-model on-demand --price-path cloud_prices/aws_prices.csv --step-timeout-minutes 90 --submit
2026-07-22T18:30:26.402593+00:00,ap-southeast-1,100.0,memory-heavy,m5.xlarge,2,step,j-34SEMX5NO6LZT,s-0678255179OUJVT7V30S,CANCELLED,"{'State': 'CANCELLED', 'StateChangeReason': {'Message': 'Cluster terminated'}, 'Timeline': {'CreationDateTime': datetime.datetime(2026, 7, 22, 23, 59, 55, 400000, tzinfo=tzlocal())}}",python scripts/run_emr_regional_resumable_batch.py --region ap-southeast-1 --dataset-sizes-mb 100 --workloads memory-heavy --instance-types m5.xlarge --nodes-list 2 --ec2-key-name cost-aware-emr-key --pricing-model on-demand --price-path cloud_prices/aws_prices.csv --step-timeout-minutes 90 --submit
2026-07-22T18:30:58.485629+00:00,ap-southeast-1,100.0,io-heavy,m5.xlarge,2,step,j-M9I680XK32EH,s-09261823QR70E0241A0S,CANCELLED,"{'State': 'CANCELLED', 'StateChangeReason': {'Message': 'Cluster terminated'}, 'Timeline': {'CreationDateTime': datetime.datetime(2026, 7, 23, 0, 0, 27, 658000, tzinfo=tzlocal())}}",python scripts/run_emr_regional_resumable_batch.py --region ap-southeast-1 --dataset-sizes-mb 100 --workloads io-heavy --instance-types m5.xlarge --nodes-list 2 --ec2-key-name cost-aware-emr-key --pricing-model on-demand --price-path cloud_prices/aws_prices.csv --step-timeout-minutes 90 --submit
2026-07-22T18:31:30.285158+00:00,ap-southeast-1,500.0,cpu-heavy,m5.xlarge,2,step,j-1PV7SCJUX5DE4,s-0907491176E39J2RG23Q,CANCELLED,"{'State': 'CANCELLED', 'StateChangeReason': {'Message': 'Cluster terminated'}, 'Timeline': {'CreationDateTime': datetime.datetime(2026, 7, 23, 0, 0, 59, 398000, tzinfo=tzlocal())}}",python scripts/run_emr_regional_resumable_batch.py --region ap-southeast-1 --dataset-sizes-mb 500 --workloads cpu-heavy --instance-types m5.xlarge --nodes-list 2 --ec2-key-name cost-aware-emr-key --pricing-model on-demand --price-path cloud_prices/aws_prices.csv --step-timeout-minutes 90 --submit
2026-07-22T18:32:02.110356+00:00,ap-southeast-1,500.0,memory-heavy,m5.xlarge,2,step,j-3JASWY5GA9BJV,s-0693312SHK6DV46U37B,CANCELLED,"{'State': 'CANCELLED', 'StateChangeReason': {'Message': 'Cluster terminated'}, 'Timeline': {'CreationDateTime': datetime.datetime(2026, 7, 23, 0, 1, 31, 213000, tzinfo=tzlocal())}}",python scripts/run_emr_regional_resumable_batch.py --region ap-southeast-1 --dataset-sizes-mb 500 --workloads memory-heavy --instance-types m5.xlarge --nodes-list 2 --ec2-key-name cost-aware-emr-key --pricing-model on-demand --price-path cloud_prices/aws_prices.csv --step-timeout-minutes 90 --submit
2026-07-22T18:32:34.212209+00:00,ap-southeast-1,1024.0,cpu-heavy,m5.xlarge,2,step,j-1ZG3SKI1RUKRF,s-06270178UH833JEK86O,CANCELLED,"{'State': 'CANCELLED', 'StateChangeReason': {'Message': 'Cluster terminated'}, 'Timeline': {'CreationDateTime': datetime.datetime(2026, 7, 23, 0, 2, 3, 148000, tzinfo=tzlocal())}}",python scripts/run_emr_regional_resumable_batch.py --region ap-southeast-1 --dataset-sizes-mb 1024 --workloads cpu-heavy --instance-types m5.xlarge --nodes-list 2 --ec2-key-name cost-aware-emr-key --pricing-model on-demand --price-path cloud_prices/aws_prices.csv --step-timeout-minutes 90 --submit
2026-07-22T18:38:11.771345+00:00,ap-south-1,2048.0,cpu-heavy,m5.xlarge,2,step,j-FAPXT888VSDT,s-0322568108XFP3L02G70,FAILED,"{'State': 'FAILED', 'StateChangeReason': {}, 'Timeline': {'CreationDateTime': datetime.datetime(2026, 7, 23, 0, 2, 37, 307000, tzinfo=tzlocal()), 'StartDateTime': datetime.datetime(2026, 7, 23, 0, 6, 9, 884000, tzinfo=tzlocal()), 'EndDateTime': datetime.datetime(2026, 7, 23, 0, 6, 44, 226000, tzinfo=tzlocal())}}",python scripts/run_emr_regional_resumable_batch.py --region ap-south-1 --dataset-sizes-mb 2048 --workloads cpu-heavy --instance-types m5.xlarge --nodes-list 2 --ec2-key-name  --pricing-model on-demand --price-path cloud_prices/aws_prices.csv --step-timeout-minutes 90 --submit
2026-07-22T18:43:19.151460+00:00,ap-south-1,2048.0,cpu-heavy,m5.xlarge,4,step,j-KSDG0JJUPG8W,s-05394813DDA6T19G2BD8,FAILED,"{'State': 'FAILED', 'StateChangeReason': {}, 'Timeline': {'CreationDateTime': datetime.datetime(2026, 7, 23, 0, 8, 13, 136000, tzinfo=tzlocal()), 'StartDateTime': datetime.datetime(2026, 7, 23, 0, 11, 32, 250000, tzinfo=tzlocal()), 'EndDateTime': datetime.datetime(2026, 7, 23, 0, 12, 10, 799000, tzinfo=tzlocal())}}",python scripts/run_emr_regional_resumable_batch.py --region ap-south-1 --dataset-sizes-mb 2048 --workloads cpu-heavy --instance-types m5.xlarge --nodes-list 4 --ec2-key-name  --pricing-model on-demand --price-path cloud_prices/aws_prices.csv --step-timeout-minutes 90 --submit
2026-07-22T18:48:55.127536+00:00,ap-south-1,2048.0,cpu-heavy,m5a.xlarge,2,step,j-2NROR166MCSSM,s-05606851BXS34VWR1CP3,FAILED,"{'State': 'FAILED', 'StateChangeReason': {}, 'Timeline': {'CreationDateTime': datetime.datetime(2026, 7, 23, 0, 13, 20, 525000, tzinfo=tzlocal()), 'StartDateTime': datetime.datetime(2026, 7, 23, 0, 16, 42, 203000, tzinfo=tzlocal()), 'EndDateTime': datetime.datetime(2026, 7, 23, 0, 17, 26, 949000, tzinfo=tzlocal())}}",python scripts/run_emr_regional_resumable_batch.py --region ap-south-1 --dataset-sizes-mb 2048 --workloads cpu-heavy --instance-types m5a.xlarge --nodes-list 2 --ec2-key-name  --pricing-model on-demand --price-path cloud_prices/aws_prices.csv --step-timeout-minutes 90 --submit
2026-07-22T18:54:31.078769+00:00,ap-south-1,2048.0,cpu-heavy,m5a.xlarge,4,step,j-1AN7SBZKGX2OC,s-084894237G9C4RX65B5V,FAILED,"{'State': 'FAILED', 'StateChangeReason': {}, 'Timeline': {'CreationDateTime': datetime.datetime(2026, 7, 23, 0, 18, 56, 446000, tzinfo=tzlocal()), 'StartDateTime': datetime.datetime(2026, 7, 23, 0, 22, 18, 187000, tzinfo=tzlocal()), 'EndDateTime': datetime.datetime(2026, 7, 23, 0, 23, 2, 684000, tzinfo=tzlocal())}}",python scripts/run_emr_regional_resumable_batch.py --region ap-south-1 --dataset-sizes-mb 2048 --workloads cpu-heavy --instance-types m5a.xlarge --nodes-list 4 --ec2-key-name  --pricing-model on-demand --price-path cloud_prices/aws_prices.csv --step-timeout-minutes 90 --submit
2026-07-22T18:59:36.533076+00:00,ap-south-1,2048.0,cpu-heavy,m6i.xlarge,2,step,j-3U2KQKOG89RLH,s-03484943905IAQQ8YCY8,FAILED,"{'State': 'FAILED', 'StateChangeReason': {}, 'Timeline': {'CreationDateTime': datetime.datetime(2026, 7, 23, 0, 24, 32, 374000, tzinfo=tzlocal()), 'StartDateTime': datetime.datetime(2026, 7, 23, 0, 27, 15, 429000, tzinfo=tzlocal()), 'EndDateTime': datetime.datetime(2026, 7, 23, 0, 27, 41, 722000, tzinfo=tzlocal())}}",python scripts/run_emr_regional_resumable_batch.py --region ap-south-1 --dataset-sizes-mb 2048 --workloads cpu-heavy --instance-types m6i.xlarge --nodes-list 2 --ec2-key-name  --pricing-model on-demand --price-path cloud_prices/aws_prices.csv --step-timeout-minutes 90 --submit
