timestamp_utc,region,dataset_size_mb,workload_type,instance_type,nodes,stage,run_id,state,reason,manual_command
2026-07-17T18:56:38.432032+00:00,centralindia,10.0,cpu-heavy,Standard_D4s_v5,2,submit,,,"URLError: <urlopen error [SSL: CERTIFICATE_VERIFY_FAILED] certificate verify failed: self-signed certificate in certificate chain (_ssl.c:1006)>
Traceback (most recent call last):
  File ""/Library/Frameworks/Python.framework/Versions/3.11/lib/python3.11/urllib/request.py"", line 1348, in do_open
    h.request(req.get_method(), req.selector, req.data, headers,
  File ""/Library/Frameworks/Python.framework/Versions/3.11/lib/python3.11/http/client.py"", line 1303, in request
    self._send_request(method, url, body, headers, encode_chunked)
  File ""/Library/Frameworks/Python.framework/Versions/3.11/lib/python3.11/http/client.py"", line 1349, in _send_request
    self.endheaders(body, encode_chunked=encode_chunked)
  File ""/Library/Frameworks/Python.framework/Versions/3.11/lib/python3.11/http/client.py"", line 1298, in endheaders
    self._send_output(message_body, encode_chunked=encode_chunked)
ssl.SSLCertVerificationError: [SSL: CERTIFICATE_VERIFY_FAILED] certificate verify failed: self-signed certificate in certificate chain (_ssl.c:1006)

During handling of the above exception, another exception occurred:

Traceback (most recent call last):
  File ""/Users/manojanbalagan/Documents/research/research/cost-aware-infrastructure-optimization/scripts/run_azure_databricks_batch.py"", line 393, in run_one
    run_id = client.submit_run(payload)
             ^^^^^^^^^^^^^^^^^^^^^^^^^^
  File ""/Users/manojanbalagan/Documents/research/research/cost-aware-infrastructure-optimization/scripts/run",python scripts/run_azure_databricks_batch.py --region centralindia --dataset-sizes-mb 10 --workloads cpu-heavy --instance-types Standard_D4s_v5 --nodes-list 2 --dataset-uri-template 'abfss://datasets@newsares.dfs.core.windows.net/events_{size_mb}mb.csv' --script-uri-template 'dbfs:/FileStore/spark_jobs/{script_name}' --output-uri-template 'abfss://datasets@newsares.dfs.core.windows.net/output/{region}/{workload}_{size_mb}mb_{safe_instance}_{nodes}_{timestamp}' --price-path cloud_prices/azure_prices.csv --step-timeout-minutes 45 --submit
2026-07-17T18:58:39.904970+00:00,centralindia,10.0,cpu-heavy,Standard_D4s_v5,2,submit,,,"RuntimeError: Databricks API POST /api/2.1/jobs/runs/submit failed: HTTP 400: {""error_code"":""INVALID_PARAMETER_VALUE"",""message"":""Automated clusters do not support autotermination."",""details"":[{""@type"":""type.googleapis.com/google.rpc.RequestInfo"",""request_id"":""31c94237-5351-4d7c-86f7-f35ae42907aa"",""serving_data"":""""}]}
Traceback (most recent call last):
  File ""/Users/manojanbalagan/Documents/research/research/cost-aware-infrastructure-optimization/scripts/run_azure_databricks_batch.py"", line 215, in request
    with urllib.request.urlopen(request, timeout=60, context=self.ssl_context) as response:
         ^^^^^^^^^^^^^^^^^^^^^^^^^^^^^^^^^^^^^^^^^^^^^^^^^^^^^^^^^^^^^^^^^^^^^
  File ""/Library/Frameworks/Python.framework/Versions/3.11/lib/python3.11/urllib/request.py"", line 216, in urlopen
    return opener.open(url, data, timeout)
           ^^^^^^^^^^^^^^^^^^^^^^^^^^^^^^^
  File ""/Library/Frameworks/Python.framework/Versions/3.11/lib/python3.11/urllib/request.py"", line 525, in open
    response = meth(req, response)
               ^^^^^^^^^^^^^^^^^^^
  File ""/Library/Frameworks/Python.framework/Versions/3.11/lib/python3.11/urllib/request.py"", line 634, in http_response
    response = self.parent.error(
               ^^^^^^^^^^^^^^^^^^
urllib.error.HTTPError: HTTP Error 400: Bad Request

The above exception was the direct cause of the following exception:

Traceback (most recent call last):
  File ""/Users/manojanbalagan/Documents/research/research/cost-aware-infrastructure-opt",python scripts/run_azure_databricks_batch.py --region centralindia --dataset-sizes-mb 10 --workloads cpu-heavy --instance-types Standard_D4s_v5 --nodes-list 2 --dataset-uri-template 'abfss://datasets@newsares.dfs.core.windows.net/events_{size_mb}mb.csv' --script-uri-template 'dbfs:/FileStore/spark_jobs/{script_name}' --output-uri-template 'abfss://datasets@newsares.dfs.core.windows.net/output/{region}/{workload}_{size_mb}mb_{safe_instance}_{nodes}_{timestamp}' --price-path cloud_prices/azure_prices.csv --step-timeout-minutes 45 --submit
2026-07-17T19:05:51.710420+00:00,centralindia,10.0,cpu-heavy,Standard_D4s_v5,2,run,1043065766186415,INTERNAL_ERROR/FAILED,"Task spark_workload failed with message: Cluster '0717-190014-9t3cyhej' was terminated. Reason: AZURE_QUOTA_EXCEEDED_EXCEPTION (CLIENT_ERROR). Parameters: databricks_error_message:The VM size you are specifying is not available. [details] OperationNotAllowed: Operation could not be completed as it results in exceeding approved Total Regional Cores quota. Additional details - Deployment Model: Resource Manager, Location: CentralIndia, Current Limit: 4, Current Usage: 4, Additional Required: 4, (Minimum) New Limit Required: 8. Setup Alerts when Quota reaches threshold. Learn more at https://aka.ms/quotamonitoringalerting . Submit a request for Quota increase at https://aka.ms/ProdportalCRP/#blade/Microsoft_Azure_Capacity/UsageAndQuota.ReactView/Parameters/%7B%22subscriptionId%22:%2263c94c0e-467b-44be-9821-3a8f21d2e8ab%22,%22command%22:%22openQuotaApprovalBlade%22,%22quotas%22:[%7B%22locati ...
***WARNING: message truncated. Skipped 110 bytes of output**

",python scripts/run_azure_databricks_batch.py --region centralindia --dataset-sizes-mb 10 --workloads cpu-heavy --instance-types Standard_D4s_v5 --nodes-list 2 --dataset-uri-template 'abfss://datasets@newsares.dfs.core.windows.net/events_{size_mb}mb.csv' --script-uri-template 'dbfs:/FileStore/spark_jobs/{script_name}' --output-uri-template 'abfss://datasets@newsares.dfs.core.windows.net/output/{region}/{workload}_{size_mb}mb_{safe_instance}_{nodes}_{timestamp}' --price-path cloud_prices/azure_prices.csv --step-timeout-minutes 45 --submit
2026-07-17T19:27:23.151282+00:00,centralindia,10.0,cpu-heavy,Standard_D4ds_v4,1,run,534937848675453,INTERNAL_ERROR/FAILED,"Task spark_workload failed with message: Cluster '0717-192248-evjihb4r' was terminated. Reason: AZURE_QUOTA_EXCEEDED_EXCEPTION (CLIENT_ERROR). Parameters: databricks_error_message:The VM size you are specifying is not available. [details] QuotaExceeded: Operation could not be completed as it results in exceeding approved Total Regional Cores quota. Additional details - Deployment Model: Resource Manager, Location: CentralIndia, Current Limit: 4, Current Usage: 4, Additional Required: 4, (Minimum) New Limit Required: 8. Setup Alerts when Quota reaches threshold. Learn more at https://aka.ms/quotamonitoringalerting . Submit a request for Quota increase at https://aka.ms/ProdportalCRP/#blade/Microsoft_Azure_Capacity/UsageAndQuota.ReactView/Parameters/%7B%22subscriptionId%22:%2263c94c0e-467b-44be-9821-3a8f21d2e8ab%22,%22command%22:%22openQuotaApprovalBlade%22,%22quotas%22:[%7B%22location%22: ...
***WARNING: message truncated. Skipped 110 bytes of output**

",python scripts/run_azure_databricks_batch.py --region centralindia --dataset-sizes-mb 10 --workloads cpu-heavy --instance-types Standard_D4ds_v4 --nodes-list 1 --dataset-uri-template 'abfss://datasets@newsares.dfs.core.windows.net/events_{size_mb}mb.csv' --script-uri-template 'dbfs:/FileStore/spark_jobs/{script_name}' --output-uri-template 'abfss://datasets@newsares.dfs.core.windows.net/output/{region}/{workload}_{size_mb}mb_{safe_instance}_{nodes}_{timestamp}' --price-path cloud_prices/azure_prices.csv --step-timeout-minutes 45 --submit
2026-07-17T19:57:39.440174+00:00,centralindia,10.0,cpu-heavy,Standard_D4ds_v4,1,run,827574954592682,INTERNAL_ERROR/FAILED,"Task spark_workload failed with message: Failed to validate python file 'dbfs:/FileStore/spark_jobs/cpu_heavy.py'. UnsupportedOperationException: Public DBFS root is disabled. Access is denied on path: /FileStore/spark_jobs/cpu_heavy.py. The file may not exist, the identity used to run this job (manojnewlearns@outlook.com) may lack permissions, there may be a library installation issue or Python environment problem. Please check driver logs for more details.",python scripts/run_azure_databricks_batch.py --region centralindia --dataset-sizes-mb 10 --workloads cpu-heavy --instance-types Standard_D4ds_v4 --nodes-list 1 --dataset-uri-template 'abfss://datasets@newsares.dfs.core.windows.net/events_{size_mb}mb.csv' --script-uri-template 'dbfs:/FileStore/spark_jobs/{script_name}' --output-uri-template 'abfss://datasets@newsares.dfs.core.windows.net/output/{region}/{workload}_{size_mb}mb_{safe_instance}_{nodes}_{timestamp}' --price-path cloud_prices/azure_prices.csv --step-timeout-minutes 45 --submit
2026-07-17T20:17:12.629429+00:00,centralindia,10.0,cpu-heavy,Standard_D4ds_v4,1,run,441042940676826,INTERNAL_ERROR/FAILED,"Task spark_workload failed with message: Workload failed, see run output for details.",python scripts/run_azure_databricks_batch.py --region centralindia --dataset-sizes-mb 10 --workloads cpu-heavy --instance-types Standard_D4ds_v4 --nodes-list 1 --dataset-uri-template 'abfss://datasets@newsares.dfs.core.windows.net/events_{size_mb}mb.csv' --script-uri-template '/Workspace/Users/manojnewlearns@outlook.com/spark_jobs/{script_name}' --output-uri-template 'abfss://datasets@newsares.dfs.core.windows.net/output/{region}/{workload}_{size_mb}mb_{safe_instance}_{nodes}_{timestamp}' --price-path cloud_prices/azure_prices.csv --step-timeout-minutes 45 --submit
2026-07-18T05:09:27.573661+00:00,centralindia,10.0,cpu-heavy,Standard_D4ds_v4,1,run,813057812855562,INTERNAL_ERROR/FAILED,"Task spark_workload failed with message: Workload failed, see run output for details.",python scripts/run_azure_databricks_batch.py --region centralindia --dataset-sizes-mb 10 --workloads cpu-heavy --instance-types Standard_D4ds_v4 --nodes-list 1 --dataset-uri-template 'abfss://datasets@newsares.dfs.core.windows.net/events_{size_mb}mb.csv' --script-uri-template '/Workspace/Users/manojnewlearns@outlook.com/spark_jobs/{script_name}' --output-uri-template 'abfss://datasets@newsares.dfs.core.windows.net/output/{region}/{workload}_{size_mb}mb_{safe_instance}_{nodes}_{timestamp}' --price-path cloud_prices/azure_prices.csv --step-timeout-minutes 45 --submit
2026-07-18T08:36:01.211431+00:00,centralindia,10.0,cpu-heavy,Standard_D4ds_v4,1,run,962008656718926,INTERNAL_ERROR/FAILED,"Task spark_workload failed with message: Workload failed, see run output for details.",python scripts/run_azure_databricks_batch.py --region centralindia --dataset-sizes-mb 10 --workloads cpu-heavy --instance-types Standard_D4ds_v4 --nodes-list 1 --dataset-uri-template 'abfss://datasets@newsares.dfs.core.windows.net/events_{size_mb}mb.csv' --script-uri-template '/Workspace/Users/manojnewlearns@outlook.com/spark_jobs/{script_name}' --output-uri-template 'abfss://datasets@newsares.dfs.core.windows.net/output/{region}/{workload}_{size_mb}mb_{safe_instance}_{nodes}_{timestamp}' --price-path cloud_prices/azure_prices.csv --step-timeout-minutes 45 --submit
2026-07-18T09:12:42.306446+00:00,centralindia,10.0,cpu-heavy,Standard_D4ds_v4,1,run,420773506923947,INTERNAL_ERROR/FAILED,"Task spark_workload failed with message: Workload failed, see run output for details.",python scripts/run_azure_databricks_batch.py --region centralindia --dataset-sizes-mb 10 --workloads cpu-heavy --instance-types Standard_D4ds_v4 --nodes-list 1 --dataset-uri-template 'abfss://datasets@newsares.dfs.core.windows.net/events_{size_mb}mb.csv' --script-uri-template '/Workspace/Users/manojnewlearns@outlook.com/spark_jobs/{script_name}' --output-uri-template 'abfss://datasets@newsares.dfs.core.windows.net/output/{region}/{workload}_{size_mb}mb_{safe_instance}_{nodes}_{timestamp}' --price-path cloud_prices/azure_prices.csv --step-timeout-minutes 45 --submit
2026-07-18T09:36:09.185793+00:00,centralindia,10.0,cpu-heavy,Standard_D4ds_v4,1,run,450520970041842,INTERNAL_ERROR/FAILED,"Task spark_workload failed with message: Workload failed, see run output for details. | com.databricks.backend.common.rpc.SparkStoppedException: Spark down: 
	at com.databricks.backend.daemon.driver.DriverWrapper.executeCommandAndGetError(DriverWrapper.scala:702)
	at com.databricks.backend.daemon.driver.DriverWrapper.executeCommand(DriverWrapper.scala:739)
	at com.databricks.backend.daemon.driver.DriverWrapper.$anonfun$runInnerLoop$1(DriverWrapper.scala:569)
	at scala.runtime.java8.JFunction0$mcV$sp.apply(JFunction0$mcV$sp.java:23)
	at com.databricks.logging.AttributionContextTracing.$anonfun$withAttributionContext$1(AttributionContextTracing.scala:150)
	at scala.util.DynamicVariable.withValue(DynamicVariable.scala:62)
	at com.databricks.logging.AttributionContext$.withValue(AttributionContext.scala:216)
	at com.databricks.logging.AttributionContextTracing.withAttributionContext(AttributionContextTracing.scala:148)
	at com.databricks.logging.AttributionContextTracing.withAttributionContext$(AttributionContextTracing.scala:145)
	at com.databricks.backend.daemon.driver.DriverWrapper.withAttributionContext(DriverWrapper.scala:72)
	at com.databricks.backend.daemon.driver.DriverWrapper.runInnerLoop(DriverWrapper.scala:569)
	at com.databricks.backend.daemon.driver.DriverWrapper.runInner(DriverWrapper.scala:491)
	at com.databricks.backend.daemon.driver.DriverWrapper.run(DriverWrapper.scala:292)
	at java.lang.Thread.run(Thread.java:750)",python scripts/run_azure_databricks_batch.py --region centralindia --dataset-sizes-mb 10 --workloads cpu-heavy --instance-types Standard_D4ds_v4 --nodes-list 1 --dataset-uri-template 'abfss://datasets@newsares.dfs.core.windows.net/events_{size_mb}mb.csv' --script-uri-template '/Workspace/Users/manojnewlearns@outlook.com/spark_jobs/{script_name}' --output-uri-template 'abfss://datasets@newsares.dfs.core.windows.net/output/{region}/{workload}_{size_mb}mb_{safe_instance}_{nodes}_{timestamp}' --price-path cloud_prices/azure_prices.csv --step-timeout-minutes 45 --submit
2026-07-18T09:55:25.710317+00:00,centralindia,10.0,cpu-heavy,Standard_D4ds_v4,1,cost,732914784217020,,"ValueError: No Azure price found for region=centralindia, vm_size=Standard_D4ds_v4, pricing_model=on-demand in cloud_prices/azure_prices.csv",python scripts/run_azure_databricks_batch.py --region centralindia --dataset-sizes-mb 10 --workloads cpu-heavy --instance-types Standard_D4ds_v4 --nodes-list 1 --dataset-uri-template 'abfss://datasets@newsares.dfs.core.windows.net/events_{size_mb}mb.csv' --script-uri-template '/Workspace/Users/manojnewlearns@outlook.com/spark_jobs/{script_name}' --output-uri-template 'abfss://datasets@newsares.dfs.core.windows.net/output/{region}/{workload}_{size_mb}mb_{safe_instance}_{nodes}_{timestamp}' --price-path cloud_prices/azure_prices.csv --step-timeout-minutes 45 --submit
2026-07-18T11:06:54.658124+00:00,centralindia,10.0,cpu-heavy,Standard_D2ds_v4,2,submit,,,"RuntimeError: Databricks API POST /api/2.1/jobs/runs/submit failed: HTTP 400: {""error_code"":""INVALID_PARAMETER_VALUE"",""message"":""Node type Standard_D2ds_v4 is not supported. Supported node types: Standard_DS3_v2, Standard_DS4_v2, Standard_DS5_v2, Standard_D4s_v3, Standard_D8s_v3, Standard_D16s_v3, Standard_D32s_v3, Standard_D64s_v3, Standard_D4a_v4, Standard_D8a_v4, Standard_D16a_v4, Standard_D32a_v4, Standard_D48a_v4, Standard_D64a_v4, Standard_D96a_v4, Standard_D8as_v4, Standard_D16as_v4, Standard_D32as_v4, Standard_D48as_v4, Standard_D64as_v4, Standard_D96as_v4, Standard_D4ds_v4, Standard_D8ds_v4, Standard_D16ds_v4, Standard_D32ds_v4, Standard_D48ds_v4, Standard_D64ds_v4, Standard_D3_v2, Standard_D4_v2, Standard_D5_v2, Standard_D8_v3, Standard_D16_v3, Standard_D32_v3, Standard_D64_v3, Standard_D4s_v5, Standard_D8s_v5, Standard_D16s_v5, Standard_D32s_v5, Standard_D48s_v5, Standard_D64s_v5, Standard_D96s_v5, Standard_D4ds_v5, Standard_D8ds_v5, Standard_D16ds_v5, Standard_D32ds_v5, Standard_D48ds_v5, Standard_D64ds_v5, Standard_D96ds_v5, Standard_D4as_v5, Standard_D8as_v5, Standard_D16as_v5, Standard_D32as_v5, Standard_D48as_v5, Standard_D64as_v5, Standard_D96as_v5, Standard_D4ads_v5, Standard_D8ads_v5, Standard_D16ads_v5, Standard_D32ads_v5, Standard_D48ads_v5, Standard_D64ads_v5, Standard_D96ads_v5, Standard_D4d_v4, Standard_D8d_v4, Standard_D16d_v4, Standard_D32d_v4, Standard_D48d_v4, Standard_D64d_v4, Standard_D12_v2, Standard_D13_v2, Standard_D14_v2, Standard_D15_v2, Sta",python scripts/run_azure_databricks_batch.py --region centralindia --dataset-sizes-mb 10 --workloads cpu-heavy --instance-types Standard_D2ds_v4 --nodes-list 2 --dataset-uri-template 'abfss://datasets@newsares.dfs.core.windows.net/events_{size_mb}mb.csv' --script-uri-template '/Workspace/Users/manojnewlearns@outlook.com/spark_jobs/{script_name}' --output-uri-template 'abfss://datasets@newsares.dfs.core.windows.net/output/{region}/{workload}_{size_mb}_{safe_instance}_{nodes}_{timestamp}' --price-path cloud_prices/azure_prices.csv --step-timeout-minutes 45 --submit
2026-07-18T11:06:56.702428+00:00,centralindia,10.0,cpu-heavy,Standard_D2ds_v4,4,submit,,,"RuntimeError: Databricks API POST /api/2.1/jobs/runs/submit failed: HTTP 400: {""error_code"":""INVALID_PARAMETER_VALUE"",""message"":""Node type Standard_D2ds_v4 is not supported. Supported node types: Standard_DS3_v2, Standard_DS4_v2, Standard_DS5_v2, Standard_D4s_v3, Standard_D8s_v3, Standard_D16s_v3, Standard_D32s_v3, Standard_D64s_v3, Standard_D4a_v4, Standard_D8a_v4, Standard_D16a_v4, Standard_D32a_v4, Standard_D48a_v4, Standard_D64a_v4, Standard_D96a_v4, Standard_D8as_v4, Standard_D16as_v4, Standard_D32as_v4, Standard_D48as_v4, Standard_D64as_v4, Standard_D96as_v4, Standard_D4ds_v4, Standard_D8ds_v4, Standard_D16ds_v4, Standard_D32ds_v4, Standard_D48ds_v4, Standard_D64ds_v4, Standard_D3_v2, Standard_D4_v2, Standard_D5_v2, Standard_D8_v3, Standard_D16_v3, Standard_D32_v3, Standard_D64_v3, Standard_D4s_v5, Standard_D8s_v5, Standard_D16s_v5, Standard_D32s_v5, Standard_D48s_v5, Standard_D64s_v5, Standard_D96s_v5, Standard_D4ds_v5, Standard_D8ds_v5, Standard_D16ds_v5, Standard_D32ds_v5, Standard_D48ds_v5, Standard_D64ds_v5, Standard_D96ds_v5, Standard_D4as_v5, Standard_D8as_v5, Standard_D16as_v5, Standard_D32as_v5, Standard_D48as_v5, Standard_D64as_v5, Standard_D96as_v5, Standard_D4ads_v5, Standard_D8ads_v5, Standard_D16ads_v5, Standard_D32ads_v5, Standard_D48ads_v5, Standard_D64ads_v5, Standard_D96ads_v5, Standard_D4d_v4, Standard_D8d_v4, Standard_D16d_v4, Standard_D32d_v4, Standard_D48d_v4, Standard_D64d_v4, Standard_D12_v2, Standard_D13_v2, Standard_D14_v2, Standard_D15_v2, Sta",python scripts/run_azure_databricks_batch.py --region centralindia --dataset-sizes-mb 10 --workloads cpu-heavy --instance-types Standard_D2ds_v4 --nodes-list 4 --dataset-uri-template 'abfss://datasets@newsares.dfs.core.windows.net/events_{size_mb}mb.csv' --script-uri-template '/Workspace/Users/manojnewlearns@outlook.com/spark_jobs/{script_name}' --output-uri-template 'abfss://datasets@newsares.dfs.core.windows.net/output/{region}/{workload}_{size_mb}_{safe_instance}_{nodes}_{timestamp}' --price-path cloud_prices/azure_prices.csv --step-timeout-minutes 45 --submit
2026-07-18T11:20:20.047598+00:00,centralindia,10.0,cpu-heavy,Standard_D2s_v5,2,submit,,,"RuntimeError: Databricks API POST /api/2.1/jobs/runs/submit failed: HTTP 400: {""error_code"":""INVALID_PARAMETER_VALUE"",""message"":""Node type Standard_D2s_v5 is not supported. Supported node types: Standard_DS3_v2, Standard_DS4_v2, Standard_DS5_v2, Standard_D4s_v3, Standard_D8s_v3, Standard_D16s_v3, Standard_D32s_v3, Standard_D64s_v3, Standard_D4a_v4, Standard_D8a_v4, Standard_D16a_v4, Standard_D32a_v4, Standard_D48a_v4, Standard_D64a_v4, Standard_D96a_v4, Standard_D8as_v4, Standard_D16as_v4, Standard_D32as_v4, Standard_D48as_v4, Standard_D64as_v4, Standard_D96as_v4, Standard_D4ds_v4, Standard_D8ds_v4, Standard_D16ds_v4, Standard_D32ds_v4, Standard_D48ds_v4, Standard_D64ds_v4, Standard_D3_v2, Standard_D4_v2, Standard_D5_v2, Standard_D8_v3, Standard_D16_v3, Standard_D32_v3, Standard_D64_v3, Standard_D4s_v5, Standard_D8s_v5, Standard_D16s_v5, Standard_D32s_v5, Standard_D48s_v5, Standard_D64s_v5, Standard_D96s_v5, Standard_D4ds_v5, Standard_D8ds_v5, Standard_D16ds_v5, Standard_D32ds_v5, Standard_D48ds_v5, Standard_D64ds_v5, Standard_D96ds_v5, Standard_D4as_v5, Standard_D8as_v5, Standard_D16as_v5, Standard_D32as_v5, Standard_D48as_v5, Standard_D64as_v5, Standard_D96as_v5, Standard_D4ads_v5, Standard_D8ads_v5, Standard_D16ads_v5, Standard_D32ads_v5, Standard_D48ads_v5, Standard_D64ads_v5, Standard_D96ads_v5, Standard_D4d_v4, Standard_D8d_v4, Standard_D16d_v4, Standard_D32d_v4, Standard_D48d_v4, Standard_D64d_v4, Standard_D12_v2, Standard_D13_v2, Standard_D14_v2, Standard_D15_v2, Stan",python scripts/run_azure_databricks_batch.py --region centralindia --dataset-sizes-mb 10 --workloads cpu-heavy --instance-types Standard_D2s_v5 --nodes-list 2 --dataset-uri-template 'abfss://datasets@newsares.dfs.core.windows.net/events_{size_mb}mb.csv' --script-uri-template '/Workspace/Users/manojnewlearns@outlook.com/spark_jobs/{script_name}' --output-uri-template 'abfss://datasets@newsares.dfs.core.windows.net/output/{region}/{workload}_{size_mb}_{safe_instance}_{nodes}_{timestamp}' --price-path cloud_prices/azure_prices.csv --step-timeout-minutes 45 --submit
2026-07-18T11:20:21.582021+00:00,centralindia,10.0,cpu-heavy,Standard_D2s_v5,4,submit,,,"RuntimeError: Databricks API POST /api/2.1/jobs/runs/submit failed: HTTP 400: {""error_code"":""INVALID_PARAMETER_VALUE"",""message"":""Node type Standard_D2s_v5 is not supported. Supported node types: Standard_DS3_v2, Standard_DS4_v2, Standard_DS5_v2, Standard_D4s_v3, Standard_D8s_v3, Standard_D16s_v3, Standard_D32s_v3, Standard_D64s_v3, Standard_D4a_v4, Standard_D8a_v4, Standard_D16a_v4, Standard_D32a_v4, Standard_D48a_v4, Standard_D64a_v4, Standard_D96a_v4, Standard_D8as_v4, Standard_D16as_v4, Standard_D32as_v4, Standard_D48as_v4, Standard_D64as_v4, Standard_D96as_v4, Standard_D4ds_v4, Standard_D8ds_v4, Standard_D16ds_v4, Standard_D32ds_v4, Standard_D48ds_v4, Standard_D64ds_v4, Standard_D3_v2, Standard_D4_v2, Standard_D5_v2, Standard_D8_v3, Standard_D16_v3, Standard_D32_v3, Standard_D64_v3, Standard_D4s_v5, Standard_D8s_v5, Standard_D16s_v5, Standard_D32s_v5, Standard_D48s_v5, Standard_D64s_v5, Standard_D96s_v5, Standard_D4ds_v5, Standard_D8ds_v5, Standard_D16ds_v5, Standard_D32ds_v5, Standard_D48ds_v5, Standard_D64ds_v5, Standard_D96ds_v5, Standard_D4as_v5, Standard_D8as_v5, Standard_D16as_v5, Standard_D32as_v5, Standard_D48as_v5, Standard_D64as_v5, Standard_D96as_v5, Standard_D4ads_v5, Standard_D8ads_v5, Standard_D16ads_v5, Standard_D32ads_v5, Standard_D48ads_v5, Standard_D64ads_v5, Standard_D96ads_v5, Standard_D4d_v4, Standard_D8d_v4, Standard_D16d_v4, Standard_D32d_v4, Standard_D48d_v4, Standard_D64d_v4, Standard_D12_v2, Standard_D13_v2, Standard_D14_v2, Standard_D15_v2, Stan",python scripts/run_azure_databricks_batch.py --region centralindia --dataset-sizes-mb 10 --workloads cpu-heavy --instance-types Standard_D2s_v5 --nodes-list 4 --dataset-uri-template 'abfss://datasets@newsares.dfs.core.windows.net/events_{size_mb}mb.csv' --script-uri-template '/Workspace/Users/manojnewlearns@outlook.com/spark_jobs/{script_name}' --output-uri-template 'abfss://datasets@newsares.dfs.core.windows.net/output/{region}/{workload}_{size_mb}_{safe_instance}_{nodes}_{timestamp}' --price-path cloud_prices/azure_prices.csv --step-timeout-minutes 45 --submit
2026-07-18T11:26:02.535597+00:00,centralindia,10.0,cpu-heavy,Standard_D4s_v5,2,run,573969287109172,INTERNAL_ERROR/FAILED,"Task spark_workload failed with message: Cluster '0718-112024-svu0bezf' was terminated. Reason: AZURE_QUOTA_EXCEEDED_EXCEPTION (CLIENT_ERROR). Parameters: databricks_error_message:The VM size you are specifying is not available. [details] QuotaExceeded: Operation could not be completed as it results in exceeding approved standardDSv5Family Cores quota. Additional details - Deployment Model: Resource Manager, Location: CentralIndia, Current Limit: 0, Current Usage: 0, Additional Required: 4, (Minimum) New Limit Required: 4. Setup Alerts when Quota reaches threshold. Learn more at https://aka.ms/quotamonitoringalerting . Submit a request for Quota increase at https://aka.ms/ProdportalCRP/#blade/Microsoft_Azure_Capacity/UsageAndQuota.ReactView/Parameters/%7B%22subscriptionId%22:%2263c94c0e-467b-44be-9821-3a8f21d2e8ab%22,%22command%22:%22openQuotaApprovalBlade%22,%22quotas%22:[%7B%22location ...
***WARNING: message truncated. Skipped 110 bytes of output**

 | Run failed with error message
 Cluster '0718-112024-svu0bezf' was terminated. Reason: AZURE_QUOTA_EXCEEDED_EXCEPTION (CLIENT_ERROR). Parameters: databricks_error_message:The VM size you are specifying is not available. [details] QuotaExceeded: Operation could not be completed as it results in exceeding approved standardDSv5Family Cores quota. Additional details - Deployment Model: Resource Manager, Location: CentralIndia, Current Limit: 0, Current Usage: 0, Additional Required: 4, (Minimum) New Limit Required: 4. Setup Alert",python scripts/run_azure_databricks_batch.py --region centralindia --dataset-sizes-mb 10 --workloads cpu-heavy --instance-types Standard_D4s_v5 --nodes-list 2 --dataset-uri-template 'abfss://datasets@newsares.dfs.core.windows.net/events_{size_mb}mb.csv' --script-uri-template '/Workspace/Users/manojnewlearns@outlook.com/spark_jobs/{script_name}' --output-uri-template 'abfss://datasets@newsares.dfs.core.windows.net/output/{region}/{workload}_{size_mb}_{safe_instance}_{nodes}_{timestamp}' --price-path cloud_prices/azure_prices.csv --step-timeout-minutes 45 --submit
2026-07-18T11:56:41.689830+00:00,centralindia,10.0,cpu-heavy,Standard_D4s_v5,4,run,374490640441055,INTERNAL_ERROR/FAILED,"Task spark_workload failed with message: Cluster '0718-112607-q1ugo3ob' was terminated. Reason: AZURE_QUOTA_EXCEEDED_EXCEPTION (CLIENT_ERROR). Parameters: databricks_error_message:The VM size you are specifying is not available. [details] QuotaExceeded: Operation could not be completed as it results in exceeding approved standardDSv5Family Cores quota. Additional details - Deployment Model: Resource Manager, Location: CentralIndia, Current Limit: 0, Current Usage: 0, Additional Required: 12, (Minimum) New Limit Required: 12. Setup Alerts when Quota reaches threshold. Learn more at https://aka.ms/quotamonitoringalerting . Submit a request for Quota increase at https://aka.ms/ProdportalCRP/#blade/Microsoft_Azure_Capacity/UsageAndQuota.ReactView/Parameters/%7B%22subscriptionId%22:%2263c94c0e-467b-44be-9821-3a8f21d2e8ab%22,%22command%22:%22openQuotaApprovalBlade%22,%22quotas%22:[%7B%22locati ...
***WARNING: message truncated. Skipped 110 bytes of output**

 | Run failed with error message
 Cluster '0718-112607-q1ugo3ob' was terminated. Reason: AZURE_QUOTA_EXCEEDED_EXCEPTION (CLIENT_ERROR). Parameters: databricks_error_message:The VM size you are specifying is not available. [details] QuotaExceeded: Operation could not be completed as it results in exceeding approved standardDSv5Family Cores quota. Additional details - Deployment Model: Resource Manager, Location: CentralIndia, Current Limit: 0, Current Usage: 0, Additional Required: 12, (Minimum) New Limit Required: 12. Setup Ale",python scripts/run_azure_databricks_batch.py --region centralindia --dataset-sizes-mb 10 --workloads cpu-heavy --instance-types Standard_D4s_v5 --nodes-list 4 --dataset-uri-template 'abfss://datasets@newsares.dfs.core.windows.net/events_{size_mb}mb.csv' --script-uri-template '/Workspace/Users/manojnewlearns@outlook.com/spark_jobs/{script_name}' --output-uri-template 'abfss://datasets@newsares.dfs.core.windows.net/output/{region}/{workload}_{size_mb}_{safe_instance}_{nodes}_{timestamp}' --price-path cloud_prices/azure_prices.csv --step-timeout-minutes 45 --submit
2026-07-18T12:11:54.444718+00:00,centralindia,10.0,cpu-heavy,Standard_D2ds_v4,2,submit,,,"RuntimeError: Databricks API POST /api/2.1/jobs/runs/submit failed: HTTP 400: {""error_code"":""INVALID_PARAMETER_VALUE"",""message"":""Node type Standard_D2ds_v4 is not supported. Supported node types: Standard_DS3_v2, Standard_DS4_v2, Standard_DS5_v2, Standard_D4s_v3, Standard_D8s_v3, Standard_D16s_v3, Standard_D32s_v3, Standard_D64s_v3, Standard_D4a_v4, Standard_D8a_v4, Standard_D16a_v4, Standard_D32a_v4, Standard_D48a_v4, Standard_D64a_v4, Standard_D96a_v4, Standard_D8as_v4, Standard_D16as_v4, Standard_D32as_v4, Standard_D48as_v4, Standard_D64as_v4, Standard_D96as_v4, Standard_D4ds_v4, Standard_D8ds_v4, Standard_D16ds_v4, Standard_D32ds_v4, Standard_D48ds_v4, Standard_D64ds_v4, Standard_D3_v2, Standard_D4_v2, Standard_D5_v2, Standard_D8_v3, Standard_D16_v3, Standard_D32_v3, Standard_D64_v3, Standard_D4s_v5, Standard_D8s_v5, Standard_D16s_v5, Standard_D32s_v5, Standard_D48s_v5, Standard_D64s_v5, Standard_D96s_v5, Standard_D4ds_v5, Standard_D8ds_v5, Standard_D16ds_v5, Standard_D32ds_v5, Standard_D48ds_v5, Standard_D64ds_v5, Standard_D96ds_v5, Standard_D4as_v5, Standard_D8as_v5, Standard_D16as_v5, Standard_D32as_v5, Standard_D48as_v5, Standard_D64as_v5, Standard_D96as_v5, Standard_D4ads_v5, Standard_D8ads_v5, Standard_D16ads_v5, Standard_D32ads_v5, Standard_D48ads_v5, Standard_D64ads_v5, Standard_D96ads_v5, Standard_D4d_v4, Standard_D8d_v4, Standard_D16d_v4, Standard_D32d_v4, Standard_D48d_v4, Standard_D64d_v4, Standard_D12_v2, Standard_D13_v2, Standard_D14_v2, Standard_D15_v2, Sta",python scripts/run_azure_databricks_batch.py --region centralindia --dataset-sizes-mb 10 --workloads cpu-heavy --instance-types Standard_D2ds_v4 --nodes-list 2 --dataset-uri-template 'abfss://datasets@newsares.dfs.core.windows.net/events_{size_mb}mb.csv' --script-uri-template '/Workspace/Users/manojnewlearns@outlook.com/spark_jobs/{script_name}' --output-uri-template 'abfss://datasets@newsares.dfs.core.windows.net/output/{region}/{workload}_{size_mb}mb_{safe_instance}_{nodes}_{timestamp}' --price-path cloud_prices/azure_prices.csv --step-timeout-minutes 45 --submit
2026-07-18T12:11:56.145073+00:00,centralindia,10.0,cpu-heavy,Standard_D2ds_v4,4,submit,,,"RuntimeError: Databricks API POST /api/2.1/jobs/runs/submit failed: HTTP 400: {""error_code"":""INVALID_PARAMETER_VALUE"",""message"":""Node type Standard_D2ds_v4 is not supported. Supported node types: Standard_DS3_v2, Standard_DS4_v2, Standard_DS5_v2, Standard_D4s_v3, Standard_D8s_v3, Standard_D16s_v3, Standard_D32s_v3, Standard_D64s_v3, Standard_D4a_v4, Standard_D8a_v4, Standard_D16a_v4, Standard_D32a_v4, Standard_D48a_v4, Standard_D64a_v4, Standard_D96a_v4, Standard_D8as_v4, Standard_D16as_v4, Standard_D32as_v4, Standard_D48as_v4, Standard_D64as_v4, Standard_D96as_v4, Standard_D4ds_v4, Standard_D8ds_v4, Standard_D16ds_v4, Standard_D32ds_v4, Standard_D48ds_v4, Standard_D64ds_v4, Standard_D3_v2, Standard_D4_v2, Standard_D5_v2, Standard_D8_v3, Standard_D16_v3, Standard_D32_v3, Standard_D64_v3, Standard_D4s_v5, Standard_D8s_v5, Standard_D16s_v5, Standard_D32s_v5, Standard_D48s_v5, Standard_D64s_v5, Standard_D96s_v5, Standard_D4ds_v5, Standard_D8ds_v5, Standard_D16ds_v5, Standard_D32ds_v5, Standard_D48ds_v5, Standard_D64ds_v5, Standard_D96ds_v5, Standard_D4as_v5, Standard_D8as_v5, Standard_D16as_v5, Standard_D32as_v5, Standard_D48as_v5, Standard_D64as_v5, Standard_D96as_v5, Standard_D4ads_v5, Standard_D8ads_v5, Standard_D16ads_v5, Standard_D32ads_v5, Standard_D48ads_v5, Standard_D64ads_v5, Standard_D96ads_v5, Standard_D4d_v4, Standard_D8d_v4, Standard_D16d_v4, Standard_D32d_v4, Standard_D48d_v4, Standard_D64d_v4, Standard_D12_v2, Standard_D13_v2, Standard_D14_v2, Standard_D15_v2, Sta",python scripts/run_azure_databricks_batch.py --region centralindia --dataset-sizes-mb 10 --workloads cpu-heavy --instance-types Standard_D2ds_v4 --nodes-list 4 --dataset-uri-template 'abfss://datasets@newsares.dfs.core.windows.net/events_{size_mb}mb.csv' --script-uri-template '/Workspace/Users/manojnewlearns@outlook.com/spark_jobs/{script_name}' --output-uri-template 'abfss://datasets@newsares.dfs.core.windows.net/output/{region}/{workload}_{size_mb}mb_{safe_instance}_{nodes}_{timestamp}' --price-path cloud_prices/azure_prices.csv --step-timeout-minutes 45 --submit
2026-07-18T12:30:25.840383+00:00,centralindia,10.0,cpu-heavy,Standard_D2as_v4,2,submit,,,"RuntimeError: Databricks API POST /api/2.1/jobs/runs/submit failed: HTTP 400: {""error_code"":""INVALID_PARAMETER_VALUE"",""message"":""Node type Standard_D2as_v4 is not supported. Supported node types: Standard_DS3_v2, Standard_DS4_v2, Standard_DS5_v2, Standard_D4s_v3, Standard_D8s_v3, Standard_D16s_v3, Standard_D32s_v3, Standard_D64s_v3, Standard_D4a_v4, Standard_D8a_v4, Standard_D16a_v4, Standard_D32a_v4, Standard_D48a_v4, Standard_D64a_v4, Standard_D96a_v4, Standard_D8as_v4, Standard_D16as_v4, Standard_D32as_v4, Standard_D48as_v4, Standard_D64as_v4, Standard_D96as_v4, Standard_D4ds_v4, Standard_D8ds_v4, Standard_D16ds_v4, Standard_D32ds_v4, Standard_D48ds_v4, Standard_D64ds_v4, Standard_D3_v2, Standard_D4_v2, Standard_D5_v2, Standard_D8_v3, Standard_D16_v3, Standard_D32_v3, Standard_D64_v3, Standard_D4s_v5, Standard_D8s_v5, Standard_D16s_v5, Standard_D32s_v5, Standard_D48s_v5, Standard_D64s_v5, Standard_D96s_v5, Standard_D4ds_v5, Standard_D8ds_v5, Standard_D16ds_v5, Standard_D32ds_v5, Standard_D48ds_v5, Standard_D64ds_v5, Standard_D96ds_v5, Standard_D4as_v5, Standard_D8as_v5, Standard_D16as_v5, Standard_D32as_v5, Standard_D48as_v5, Standard_D64as_v5, Standard_D96as_v5, Standard_D4ads_v5, Standard_D8ads_v5, Standard_D16ads_v5, Standard_D32ads_v5, Standard_D48ads_v5, Standard_D64ads_v5, Standard_D96ads_v5, Standard_D4d_v4, Standard_D8d_v4, Standard_D16d_v4, Standard_D32d_v4, Standard_D48d_v4, Standard_D64d_v4, Standard_D12_v2, Standard_D13_v2, Standard_D14_v2, Standard_D15_v2, Sta",python scripts/run_azure_databricks_batch.py --region centralindia --dataset-sizes-mb 10 --workloads cpu-heavy --instance-types Standard_D2as_v4 --nodes-list 2 --dataset-uri-template 'abfss://datasets@newsares.dfs.core.windows.net/events_{size_mb}mb.csv' --script-uri-template '/Workspace/Users/manojnewlearns@outlook.com/spark_jobs/{script_name}' --output-uri-template 'abfss://datasets@newsares.dfs.core.windows.net/output/{region}/{workload}_{size_mb}mb_{safe_instance}_{nodes}_{timestamp}' --price-path cloud_prices/azure_prices.csv --step-timeout-minutes 45 --submit
2026-07-18T12:30:26.779797+00:00,centralindia,10.0,cpu-heavy,Standard_D2as_v4,4,submit,,,"RuntimeError: Databricks API POST /api/2.1/jobs/runs/submit failed: HTTP 400: {""error_code"":""INVALID_PARAMETER_VALUE"",""message"":""Node type Standard_D2as_v4 is not supported. Supported node types: Standard_DS3_v2, Standard_DS4_v2, Standard_DS5_v2, Standard_D4s_v3, Standard_D8s_v3, Standard_D16s_v3, Standard_D32s_v3, Standard_D64s_v3, Standard_D4a_v4, Standard_D8a_v4, Standard_D16a_v4, Standard_D32a_v4, Standard_D48a_v4, Standard_D64a_v4, Standard_D96a_v4, Standard_D8as_v4, Standard_D16as_v4, Standard_D32as_v4, Standard_D48as_v4, Standard_D64as_v4, Standard_D96as_v4, Standard_D4ds_v4, Standard_D8ds_v4, Standard_D16ds_v4, Standard_D32ds_v4, Standard_D48ds_v4, Standard_D64ds_v4, Standard_D3_v2, Standard_D4_v2, Standard_D5_v2, Standard_D8_v3, Standard_D16_v3, Standard_D32_v3, Standard_D64_v3, Standard_D4s_v5, Standard_D8s_v5, Standard_D16s_v5, Standard_D32s_v5, Standard_D48s_v5, Standard_D64s_v5, Standard_D96s_v5, Standard_D4ds_v5, Standard_D8ds_v5, Standard_D16ds_v5, Standard_D32ds_v5, Standard_D48ds_v5, Standard_D64ds_v5, Standard_D96ds_v5, Standard_D4as_v5, Standard_D8as_v5, Standard_D16as_v5, Standard_D32as_v5, Standard_D48as_v5, Standard_D64as_v5, Standard_D96as_v5, Standard_D4ads_v5, Standard_D8ads_v5, Standard_D16ads_v5, Standard_D32ads_v5, Standard_D48ads_v5, Standard_D64ads_v5, Standard_D96ads_v5, Standard_D4d_v4, Standard_D8d_v4, Standard_D16d_v4, Standard_D32d_v4, Standard_D48d_v4, Standard_D64d_v4, Standard_D12_v2, Standard_D13_v2, Standard_D14_v2, Standard_D15_v2, Sta",python scripts/run_azure_databricks_batch.py --region centralindia --dataset-sizes-mb 10 --workloads cpu-heavy --instance-types Standard_D2as_v4 --nodes-list 4 --dataset-uri-template 'abfss://datasets@newsares.dfs.core.windows.net/events_{size_mb}mb.csv' --script-uri-template '/Workspace/Users/manojnewlearns@outlook.com/spark_jobs/{script_name}' --output-uri-template 'abfss://datasets@newsares.dfs.core.windows.net/output/{region}/{workload}_{size_mb}mb_{safe_instance}_{nodes}_{timestamp}' --price-path cloud_prices/azure_prices.csv --step-timeout-minutes 45 --submit
2026-07-18T12:30:28.827061+00:00,centralindia,10.0,cpu-heavy,Standard_D4as_v4,2,submit,,,"RuntimeError: Databricks API POST /api/2.1/jobs/runs/submit failed: HTTP 400: {""error_code"":""INVALID_PARAMETER_VALUE"",""message"":""Node type Standard_D4as_v4 is not supported. Supported node types: Standard_DS3_v2, Standard_DS4_v2, Standard_DS5_v2, Standard_D4s_v3, Standard_D8s_v3, Standard_D16s_v3, Standard_D32s_v3, Standard_D64s_v3, Standard_D4a_v4, Standard_D8a_v4, Standard_D16a_v4, Standard_D32a_v4, Standard_D48a_v4, Standard_D64a_v4, Standard_D96a_v4, Standard_D8as_v4, Standard_D16as_v4, Standard_D32as_v4, Standard_D48as_v4, Standard_D64as_v4, Standard_D96as_v4, Standard_D4ds_v4, Standard_D8ds_v4, Standard_D16ds_v4, Standard_D32ds_v4, Standard_D48ds_v4, Standard_D64ds_v4, Standard_D3_v2, Standard_D4_v2, Standard_D5_v2, Standard_D8_v3, Standard_D16_v3, Standard_D32_v3, Standard_D64_v3, Standard_D4s_v5, Standard_D8s_v5, Standard_D16s_v5, Standard_D32s_v5, Standard_D48s_v5, Standard_D64s_v5, Standard_D96s_v5, Standard_D4ds_v5, Standard_D8ds_v5, Standard_D16ds_v5, Standard_D32ds_v5, Standard_D48ds_v5, Standard_D64ds_v5, Standard_D96ds_v5, Standard_D4as_v5, Standard_D8as_v5, Standard_D16as_v5, Standard_D32as_v5, Standard_D48as_v5, Standard_D64as_v5, Standard_D96as_v5, Standard_D4ads_v5, Standard_D8ads_v5, Standard_D16ads_v5, Standard_D32ads_v5, Standard_D48ads_v5, Standard_D64ads_v5, Standard_D96ads_v5, Standard_D4d_v4, Standard_D8d_v4, Standard_D16d_v4, Standard_D32d_v4, Standard_D48d_v4, Standard_D64d_v4, Standard_D12_v2, Standard_D13_v2, Standard_D14_v2, Standard_D15_v2, Sta",python scripts/run_azure_databricks_batch.py --region centralindia --dataset-sizes-mb 10 --workloads cpu-heavy --instance-types Standard_D4as_v4 --nodes-list 2 --dataset-uri-template 'abfss://datasets@newsares.dfs.core.windows.net/events_{size_mb}mb.csv' --script-uri-template '/Workspace/Users/manojnewlearns@outlook.com/spark_jobs/{script_name}' --output-uri-template 'abfss://datasets@newsares.dfs.core.windows.net/output/{region}/{workload}_{size_mb}mb_{safe_instance}_{nodes}_{timestamp}' --price-path cloud_prices/azure_prices.csv --step-timeout-minutes 45 --submit
2026-07-18T12:30:30.408050+00:00,centralindia,10.0,cpu-heavy,Standard_D4as_v4,4,submit,,,"RuntimeError: Databricks API POST /api/2.1/jobs/runs/submit failed: HTTP 400: {""error_code"":""INVALID_PARAMETER_VALUE"",""message"":""Node type Standard_D4as_v4 is not supported. Supported node types: Standard_DS3_v2, Standard_DS4_v2, Standard_DS5_v2, Standard_D4s_v3, Standard_D8s_v3, Standard_D16s_v3, Standard_D32s_v3, Standard_D64s_v3, Standard_D4a_v4, Standard_D8a_v4, Standard_D16a_v4, Standard_D32a_v4, Standard_D48a_v4, Standard_D64a_v4, Standard_D96a_v4, Standard_D8as_v4, Standard_D16as_v4, Standard_D32as_v4, Standard_D48as_v4, Standard_D64as_v4, Standard_D96as_v4, Standard_D4ds_v4, Standard_D8ds_v4, Standard_D16ds_v4, Standard_D32ds_v4, Standard_D48ds_v4, Standard_D64ds_v4, Standard_D3_v2, Standard_D4_v2, Standard_D5_v2, Standard_D8_v3, Standard_D16_v3, Standard_D32_v3, Standard_D64_v3, Standard_D4s_v5, Standard_D8s_v5, Standard_D16s_v5, Standard_D32s_v5, Standard_D48s_v5, Standard_D64s_v5, Standard_D96s_v5, Standard_D4ds_v5, Standard_D8ds_v5, Standard_D16ds_v5, Standard_D32ds_v5, Standard_D48ds_v5, Standard_D64ds_v5, Standard_D96ds_v5, Standard_D4as_v5, Standard_D8as_v5, Standard_D16as_v5, Standard_D32as_v5, Standard_D48as_v5, Standard_D64as_v5, Standard_D96as_v5, Standard_D4ads_v5, Standard_D8ads_v5, Standard_D16ads_v5, Standard_D32ads_v5, Standard_D48ads_v5, Standard_D64ads_v5, Standard_D96ads_v5, Standard_D4d_v4, Standard_D8d_v4, Standard_D16d_v4, Standard_D32d_v4, Standard_D48d_v4, Standard_D64d_v4, Standard_D12_v2, Standard_D13_v2, Standard_D14_v2, Standard_D15_v2, Sta",python scripts/run_azure_databricks_batch.py --region centralindia --dataset-sizes-mb 10 --workloads cpu-heavy --instance-types Standard_D4as_v4 --nodes-list 4 --dataset-uri-template 'abfss://datasets@newsares.dfs.core.windows.net/events_{size_mb}mb.csv' --script-uri-template '/Workspace/Users/manojnewlearns@outlook.com/spark_jobs/{script_name}' --output-uri-template 'abfss://datasets@newsares.dfs.core.windows.net/output/{region}/{workload}_{size_mb}mb_{safe_instance}_{nodes}_{timestamp}' --price-path cloud_prices/azure_prices.csv --step-timeout-minutes 45 --submit
