,dataset_size_mb,workload_type,machine_type,nodes,runtime_minutes,cost_usd,region,source,cloud,electricity_zone,cpu_avg_pct,memory_avg_pct
count,1011.0,1011,1011,1011.0,1011.0,1011.0,1011,1011,1011,1011,0.0,0.0
unique,,3,6,,,,2,1007,1,2,,
top,,memory-heavy,m5.xlarge,,,,ap-south-1,aws-emr,aws,IN,,
freq,,341,207,,,,623,5,1011,623,,
mean,1311.3056379821958,,,3.1038575667655786,1.8168756920544018,0.01663072997032641,,,,,,
std,1674.1013077681864,,,0.9950844312103581,1.3080816702767561,0.011505408415317095,,,,,,
min,10.0,,,2.0,0.6385,0.002105,,,,,,
25%,100.0,,,2.0,0.973133,0.008695000000000001,,,,,,
50%,500.0,,,4.0,1.339133,0.013859,,,,,,
75%,2048.0,,,4.0,2.0735919999999997,0.0207875,,,,,,
max,5120.0,,,4.0,9.8097,0.076028,,,,,,
