dataset_size_mb,workload_type,machine_type,nodes,runtime_mean,cost_mean,runs
10,cpu-heavy,c5.xlarge,2,0.8310167500000001,0.00510175,4
10,cpu-heavy,c5.xlarge,4,0.95686025,0.011041,8
10,cpu-heavy,c5a.xlarge,2,0.7244237142857143,0.003161,7
10,cpu-heavy,c5a.xlarge,4,0.89917,0.0094892,5
10,cpu-heavy,c6i.xlarge,2,0.66399575,0.0040615,4
10,cpu-heavy,c6i.xlarge,4,0.94379175,0.0120205,8
10,cpu-heavy,m5.xlarge,2,0.8673249445,0.005877,6
10,cpu-heavy,m5.xlarge,4,1.048602125,0.014874875,8
10,cpu-heavy,m5a.xlarge,2,1.0868528333333334,0.006000333333333333,6
10,cpu-heavy,m5a.xlarge,4,1.231139,0.013703333333333333,3
10,cpu-heavy,m6i.xlarge,2,0.7454566,0.0052066000000000005,5
10,cpu-heavy,m6i.xlarge,4,0.8772548571428571,0.013161428571428572,7
10,io-heavy,c5.xlarge,2,0.86564,0.0053762,5
10,io-heavy,c5.xlarge,4,0.9863500000000001,0.011515399999999999,5
10,io-heavy,c5a.xlarge,2,0.79879,0.0034563999999999997,5
10,io-heavy,c5a.xlarge,4,0.9472625,0.008572,4
10,io-heavy,c6i.xlarge,2,0.7885638333333334,0.004948333333333333,6
10,io-heavy,c6i.xlarge,4,1.0125722222222222,0.012624555555555556,9
10,io-heavy,m5.xlarge,2,0.9623924444444446,0.006665555555555556,9
10,io-heavy,m5.xlarge,4,1.0901221666666667,0.014803833333333334,6
10,io-heavy,m5a.xlarge,2,1.1790776666666667,0.005862888888888889,9
10,io-heavy,m5a.xlarge,4,1.4262455,0.01589675,4
10,io-heavy,m6i.xlarge,2,0.8153047142857143,0.0059572857142857144,7
10,io-heavy,m6i.xlarge,4,0.8909881428571429,0.01302957142857143,7
10,memory-heavy,c5.xlarge,2,0.8503113333333333,0.005332333333333334,3
10,memory-heavy,c5.xlarge,4,0.9971571428571429,0.012249,7
10,memory-heavy,c5a.xlarge,2,0.7835,0.003922333333333333,3
10,memory-heavy,c5a.xlarge,4,0.933325,0.008451,6
10,memory-heavy,c6i.xlarge,2,0.71384175,0.004365,4
10,memory-heavy,c6i.xlarge,4,0.9817594285714285,0.01246157142857143,7
10,memory-heavy,m5.xlarge,2,0.9880555000000001,0.006873833333333333,6
10,memory-heavy,m5.xlarge,4,1.0991795555555557,0.015828444444444444,9
10,memory-heavy,m5a.xlarge,2,1.1584210000000001,0.0073715,4
10,memory-heavy,m5a.xlarge,4,1.3426943333333332,0.0141545,6
10,memory-heavy,m6i.xlarge,2,0.7385261428571429,0.005379714285714285,7
10,memory-heavy,m6i.xlarge,4,0.88874575,0.012849625,8
100,cpu-heavy,c5.xlarge,2,0.8640625,0.0052815,4
100,cpu-heavy,c5.xlarge,4,0.9561693333333333,0.011485333333333334,6
100,cpu-heavy,c5a.xlarge,2,0.805325,0.0033176666666666667,6
100,cpu-heavy,c5a.xlarge,4,0.92282075,0.008344,4
100,cpu-heavy,c6i.xlarge,2,0.7968835,0.004901,4
100,cpu-heavy,c6i.xlarge,4,0.9716214285714286,0.012143714285714285,7
100,cpu-heavy,m5.xlarge,2,0.94125,0.006377571428571429,7
100,cpu-heavy,m5.xlarge,4,1.0510054999999998,0.013799500000000001,6
100,cpu-heavy,m5a.xlarge,2,1.2078,0.006582,2
100,cpu-heavy,m5a.xlarge,4,1.3084723333333332,0.014594666666666667,3
100,cpu-heavy,m6i.xlarge,2,0.7622547142857143,0.0052842857142857145,7
100,cpu-heavy,m6i.xlarge,4,0.8556111666666667,0.011918833333333332,6
100,io-heavy,c5.xlarge,2,1.1225028333333333,0.007202833333333333,6
100,io-heavy,c5.xlarge,4,1.16487925,0.013201999999999998,4
100,io-heavy,c5a.xlarge,2,0.92562,0.0044957999999999994,5
100,io-heavy,c5a.xlarge,4,1.0284663333333333,0.010125,3
100,io-heavy,c6i.xlarge,2,0.838175,0.0051415,2
100,io-heavy,c6i.xlarge,4,1.11196,0.0139968,5
100,io-heavy,m5.xlarge,2,1.0626553333333335,0.007260166666666667,6
100,io-heavy,m5.xlarge,4,1.1508471666666666,0.015642,6
100,io-heavy,m5a.xlarge,2,1.3261165,0.0073165,2
100,io-heavy,m5a.xlarge,4,1.45285,0.016453,3
100,io-heavy,m6i.xlarge,2,0.9885998333333333,0.007384666666666667,6
100,io-heavy,m6i.xlarge,4,0.9550723333333333,0.013753,6
100,memory-heavy,c5.xlarge,2,0.922929,0.00542625,4
100,memory-heavy,c5.xlarge,4,1.0508445,0.012529499999999999,6
100,memory-heavy,c5a.xlarge,2,0.9224085,0.00431,2
100,memory-heavy,c5a.xlarge,4,1.0169276666666667,0.009932333333333333,3
100,memory-heavy,c6i.xlarge,2,0.7786136,0.004825,5
100,memory-heavy,c6i.xlarge,4,0.972212888888889,0.011924333333333334,9
100,memory-heavy,m5.xlarge,2,0.9980835,0.00687125,4
100,memory-heavy,m5.xlarge,4,1.1244501666666666,0.015246666666666667,6
100,memory-heavy,m5a.xlarge,2,1.25029575,0.00685675,4
100,memory-heavy,m5a.xlarge,4,1.4036638333333336,0.014729333333333332,6
100,memory-heavy,m6i.xlarge,2,0.8918734,0.0062174000000000005,5
100,memory-heavy,m6i.xlarge,4,1.0720198,0.015809800000000002,5
500,cpu-heavy,c5.xlarge,2,1.1727165,0.00692875,4
500,cpu-heavy,c5.xlarge,4,1.1009028333333333,0.013087333333333333,6
500,cpu-heavy,c5a.xlarge,2,1.116789,0.005544333333333334,3
500,cpu-heavy,c5a.xlarge,4,1.0277695,0.009250166666666667,6
500,cpu-heavy,c6i.xlarge,2,0.9939776666666668,0.005932666666666667,3
500,cpu-heavy,c6i.xlarge,4,1.27176,0.0159638,5
500,cpu-heavy,m5.xlarge,2,1.3884264285714285,0.010150142857142858,7
500,cpu-heavy,m5.xlarge,4,1.2737877499999999,0.0165225,4
500,cpu-heavy,m5a.xlarge,2,1.6417946666666667,0.008028666666666667,3
500,cpu-heavy,m5a.xlarge,4,1.5474139999999998,0.016191333333333332,6
500,cpu-heavy,m6i.xlarge,2,1.0189366,0.0071324,5
500,cpu-heavy,m6i.xlarge,4,1.006246,0.014229750000000001,4
500,io-heavy,c5.xlarge,2,1.4294056666666666,0.008961333333333333,3
500,io-heavy,c5.xlarge,4,1.4062835999999999,0.015938,5
500,io-heavy,c5a.xlarge,2,1.3058585,0.006013,2
500,io-heavy,c5a.xlarge,4,1.33048775,0.01369775,4
500,io-heavy,c6i.xlarge,2,1.22187075,0.00748975,4
500,io-heavy,c6i.xlarge,4,1.2606638333333333,0.015620666666666666,6
500,io-heavy,m5.xlarge,2,1.5189111666666666,0.009961,6
500,io-heavy,m5.xlarge,4,1.3977595714285713,0.01842442857142857,7
500,io-heavy,m5a.xlarge,2,1.9753665,0.010881,2
500,io-heavy,m5a.xlarge,4,1.8266361666666666,0.023485500000000003,6
500,io-heavy,m6i.xlarge,2,1.26358525,0.009361375,8
500,io-heavy,m6i.xlarge,4,1.1774945,0.01744,6
500,memory-heavy,c5.xlarge,2,1.27455,0.00776075,4
500,memory-heavy,c5.xlarge,4,1.2306024285714285,0.014511428571428573,7
500,memory-heavy,c5a.xlarge,2,1.17205825,0.00529725,4
500,memory-heavy,c5a.xlarge,4,1.08914175,0.009777,4
500,memory-heavy,c6i.xlarge,2,1.04877075,0.006176,4
500,memory-heavy,c6i.xlarge,4,1.1729285714285713,0.014451142857142857,7
500,memory-heavy,m5.xlarge,2,1.3913388333333332,0.009501666666666667,6
500,memory-heavy,m5.xlarge,4,1.3067259999999998,0.017721285714285714,7
500,memory-heavy,m5a.xlarge,2,1.7755556666666668,0.008641000000000001,3
500,memory-heavy,m5a.xlarge,4,1.598611,0.017761333333333334,3
500,memory-heavy,m6i.xlarge,2,1.0996750000000002,0.0081115,6
500,memory-heavy,m6i.xlarge,4,1.0719766,0.015556,5
1024,cpu-heavy,c5.xlarge,2,1.6391996666666666,0.010236333333333333,3
1024,cpu-heavy,c5.xlarge,4,1.34895825,0.01528825,4
1024,cpu-heavy,c5a.xlarge,2,1.572046,0.00821675,4
1024,cpu-heavy,c5a.xlarge,4,1.2832553333333332,0.012412666666666667,3
1024,cpu-heavy,c6i.xlarge,2,1.3835666666666668,0.008265333333333333,3
1024,cpu-heavy,c6i.xlarge,4,1.433236,0.0177805,6
1024,cpu-heavy,m5.xlarge,2,1.7828249999999999,0.012527666666666666,6
1024,cpu-heavy,m5.xlarge,4,1.4398632,0.018809799999999998,5
1024,cpu-heavy,m5a.xlarge,2,2.3912835,0.0130625,2
1024,cpu-heavy,m5a.xlarge,4,1.767304,0.01795075,4
1024,cpu-heavy,m6i.xlarge,2,1.4193668,0.0099468,5
1024,cpu-heavy,m6i.xlarge,4,1.1199212857142857,0.015517857142857142,7
1024,io-heavy,c5.xlarge,2,1.9726664999999999,0.012077000000000001,2
1024,io-heavy,c5.xlarge,4,1.5063166,0.017651800000000002,5
1024,io-heavy,c5a.xlarge,2,1.8056223333333332,0.007454666666666666,3
1024,io-heavy,c5a.xlarge,4,1.43963775,0.014765,4
1024,io-heavy,c6i.xlarge,2,1.638189,0.009804666666666668,3
1024,io-heavy,c6i.xlarge,4,1.6055998333333334,0.019995,6
1024,io-heavy,m5.xlarge,2,2.2666566,0.0148054,5
1024,io-heavy,m5.xlarge,4,1.6930202,0.0230834,5
1024,io-heavy,m5a.xlarge,2,2.742122333333333,0.013540000000000002,3
1024,io-heavy,m5a.xlarge,4,2.083925,0.02504,4
1024,io-heavy,m6i.xlarge,2,1.7121568,0.0124686,5
1024,io-heavy,m6i.xlarge,4,1.3307665,0.0188535,4
1024,memory-heavy,c5.xlarge,2,1.7065219999999999,0.010675333333333334,3
1024,memory-heavy,c5.xlarge,4,1.4994766,0.0169942,5
1024,memory-heavy,c5a.xlarge,2,1.605642,0.0073165,2
1024,memory-heavy,c5a.xlarge,4,1.34737075,0.01188025,4
1024,memory-heavy,c6i.xlarge,2,1.4550165000000002,0.0088975,2
1024,memory-heavy,c6i.xlarge,4,1.5383,0.0193172,5
1024,memory-heavy,m5.xlarge,2,1.879189,0.012653166666666667,6
1024,memory-heavy,m5.xlarge,4,1.49019575,0.01931475,4
1024,memory-heavy,m5a.xlarge,2,2.5328166666666667,0.015384,3
1024,memory-heavy,m5a.xlarge,4,1.96678775,0.02380325,4
1024,memory-heavy,m6i.xlarge,2,1.55548325,0.01097125,4
1024,memory-heavy,m6i.xlarge,4,1.25244,0.0174944,5
2048,cpu-heavy,c5.xlarge,2,2.5731580000000003,0.0157255,2
2048,cpu-heavy,c5.xlarge,4,1.506011,0.018847333333333334,3
2048,cpu-heavy,c5a.xlarge,2,2.3609613333333335,0.009589,3
2048,cpu-heavy,c5a.xlarge,4,1.5220500000000001,0.0135615,2
2048,cpu-heavy,c6i.xlarge,2,2.2723750000000003,0.013818,2
2048,cpu-heavy,c6i.xlarge,4,1.305475,0.015984,2
2048,cpu-heavy,m5.xlarge,2,2.7242585,0.0201425,2
2048,cpu-heavy,m5.xlarge,4,2.006954,0.02825575,4
2048,cpu-heavy,m5a.xlarge,2,3.7458335,0.020471,2
2048,cpu-heavy,m5a.xlarge,4,2.3752886666666666,0.028817333333333334,3
2048,cpu-heavy,m6i.xlarge,2,2.3166776666666666,0.016558666666666666,3
2048,cpu-heavy,m6i.xlarge,4,1.5051835,0.0222615,2
2048,io-heavy,c5.xlarge,2,3.2063414999999997,0.01966,2
2048,io-heavy,c5.xlarge,4,1.8731,0.023025,2
2048,io-heavy,c5a.xlarge,2,3.0558915,0.014092,2
2048,io-heavy,c5a.xlarge,4,1.6555165,0.01522,2
2048,io-heavy,c6i.xlarge,2,2.7884335,0.017103,2
2048,io-heavy,c6i.xlarge,4,1.7557915,0.021609000000000003,2
2048,io-heavy,m5.xlarge,2,3.3570835,0.024889,2
2048,io-heavy,m5.xlarge,4,2.29030825,0.032084,4
2048,io-heavy,m5a.xlarge,2,4.508675,0.024804,2
2048,io-heavy,m5a.xlarge,4,2.9937164999999997,0.0331605,2
2048,io-heavy,m6i.xlarge,2,2.788025,0.0206125,2
2048,io-heavy,m6i.xlarge,4,1.8606613333333335,0.026721333333333333,3
2048,memory-heavy,c5.xlarge,2,2.506275,0.015346,2
2048,memory-heavy,c5.xlarge,4,1.5501276666666666,0.018457,3
2048,memory-heavy,c5a.xlarge,2,2.373075,0.0107695,2
2048,memory-heavy,c5a.xlarge,4,1.43865,0.013039000000000002,2
2048,memory-heavy,c6i.xlarge,2,2.1501943333333333,0.012822,3
2048,memory-heavy,c6i.xlarge,4,1.3218,0.016169,2
2048,memory-heavy,m5.xlarge,2,2.7729749999999997,0.020448,2
2048,memory-heavy,m5.xlarge,4,1.97957,0.027433000000000003,5
2048,memory-heavy,m5a.xlarge,2,3.8253250000000003,0.02076,2
2048,memory-heavy,m5a.xlarge,4,2.5839375,0.03275925,4
2048,memory-heavy,m6i.xlarge,2,2.1499833333333336,0.015422,3
2048,memory-heavy,m6i.xlarge,4,1.5611443333333332,0.02237966666666667,3
3072,cpu-heavy,c5.xlarge,2,3.462483333333333,0.021743333333333337,3
3072,cpu-heavy,c5.xlarge,4,1.855925,0.0227145,2
3072,cpu-heavy,c5a.xlarge,2,3.2053665000000002,0.014652,2
3072,cpu-heavy,c5a.xlarge,4,1.722275,0.01591,2
3072,cpu-heavy,c6i.xlarge,2,3.0388919999999997,0.0185235,2
3072,cpu-heavy,c6i.xlarge,4,1.6395165,0.0201185,2
3072,cpu-heavy,m5.xlarge,2,3.7078084999999996,0.0273995,2
3072,cpu-heavy,m5.xlarge,4,2.295094666666667,0.03241333333333333,3
3072,cpu-heavy,m5a.xlarge,2,4.842983,0.026572,2
3072,cpu-heavy,m5a.xlarge,4,2.891575,0.0318125,2
3072,cpu-heavy,m6i.xlarge,2,3.0389,0.022428,2
3072,cpu-heavy,m6i.xlarge,4,1.872142,0.027625999999999998,2
3072,io-heavy,c5.xlarge,2,4.0889,0.025079499999999998,2
3072,io-heavy,c5.xlarge,4,2.172992,0.0265395,2
3072,io-heavy,c5a.xlarge,2,3.9554085,0.018005,2
3072,io-heavy,c5a.xlarge,4,1.9946000000000002,0.01993,3
3072,io-heavy,c6i.xlarge,2,3.624483,0.022144499999999998,2
3072,io-heavy,c6i.xlarge,4,1.856008,0.022687,2
3072,io-heavy,m5.xlarge,2,4.723425000000001,0.035039,2
3072,io-heavy,m5.xlarge,4,2.906711,0.04105066666666667,3
3072,io-heavy,m5a.xlarge,2,5.997616666666667,0.02935666666666667,3
3072,io-heavy,m5a.xlarge,4,3.598239,0.04378233333333333,3
3072,io-heavy,m6i.xlarge,2,3.4891585000000003,0.025840500000000002,2
3072,io-heavy,m6i.xlarge,4,2.1896665,0.0323255,2
3072,memory-heavy,c5.xlarge,2,3.439725,0.0210985,2
3072,memory-heavy,c5.xlarge,4,1.83162925,0.02233875,4
3072,memory-heavy,c5a.xlarge,2,3.2229915,0.014617499999999999,2
3072,memory-heavy,c5a.xlarge,4,1.706508,0.015542,2
3072,memory-heavy,c6i.xlarge,2,2.9226080000000003,0.017864,2
3072,memory-heavy,c6i.xlarge,4,1.623675,0.0198245,2
3072,memory-heavy,m5.xlarge,2,3.7735886666666665,0.028595333333333334,3
3072,memory-heavy,m5.xlarge,4,2.4427833333333333,0.03451866666666667,3
3072,memory-heavy,m5a.xlarge,2,5.1766499999999995,0.031387,3
3072,memory-heavy,m5a.xlarge,4,3.0314499999999995,0.029611,3
3072,memory-heavy,m6i.xlarge,2,2.88955,0.0213175,2
3072,memory-heavy,m6i.xlarge,4,1.9053585000000002,0.0281135,2
5120,cpu-heavy,c5.xlarge,2,5.1730085,0.031801,2
5120,cpu-heavy,c5.xlarge,4,2.462089,0.029313333333333334,3
5120,cpu-heavy,c5a.xlarge,2,4.8890915,0.022434,2
5120,cpu-heavy,c5a.xlarge,4,2.6057556666666666,0.025476,3
5120,cpu-heavy,c6i.xlarge,2,4.371675,0.026724499999999998,2
5120,cpu-heavy,c6i.xlarge,4,2.9189466000000004,0.0366668,5
5120,cpu-heavy,m5.xlarge,2,5.456471,0.03536375,4
5120,cpu-heavy,m5.xlarge,4,3.05688325,0.03964575,4
5120,cpu-heavy,m5a.xlarge,2,7.409333500000001,0.0406735,2
5120,cpu-heavy,m5a.xlarge,4,3.727627666666667,0.041613000000000004,3
5120,cpu-heavy,m6i.xlarge,2,4.4225375,0.03126875,4
5120,cpu-heavy,m6i.xlarge,4,2.4802165,0.03505025,4
5120,io-heavy,c5.xlarge,2,6.890775,0.042243,2
5120,io-heavy,c5.xlarge,4,3.4230875000000003,0.0401125,4
5120,io-heavy,c5a.xlarge,2,6.283511,0.03130033333333333,3
5120,io-heavy,c5a.xlarge,4,3.30615,0.032412333333333335,3
5120,io-heavy,c6i.xlarge,2,5.7386610000000005,0.035931,3
5120,io-heavy,c6i.xlarge,4,3.5256299999999996,0.0444418,5
5120,io-heavy,m5.xlarge,2,7.0487,0.04568175,4
5120,io-heavy,m5.xlarge,4,3.9483414999999997,0.051228499999999996,4
5120,io-heavy,m5a.xlarge,2,9.5763585,0.0525995,2
5120,io-heavy,m5a.xlarge,4,4.85109175,0.05841425,4
5120,io-heavy,m6i.xlarge,2,5.37301675,0.03801675,4
5120,io-heavy,m6i.xlarge,4,3.1643705,0.044686,4
5120,memory-heavy,c5.xlarge,2,5.023075,0.030749000000000002,2
5120,memory-heavy,c5.xlarge,4,2.95691275,0.0346705,4
5120,memory-heavy,c5a.xlarge,2,4.905333499999999,0.022302,2
5120,memory-heavy,c5a.xlarge,4,2.705133333333334,0.02647333333333333,3
5120,memory-heavy,c6i.xlarge,2,4.338775,0.026481,2
5120,memory-heavy,c6i.xlarge,4,3.0728702,0.038646400000000004,5
5120,memory-heavy,m5.xlarge,2,5.597975,0.03629425,4
5120,memory-heavy,m5.xlarge,4,3.2537434,0.042516399999999996,5
5120,memory-heavy,m5a.xlarge,2,7.4864500000000005,0.036772,3
5120,memory-heavy,m5a.xlarge,4,4.1191875,0.049411750000000004,4
5120,memory-heavy,m6i.xlarge,2,4.4308499999999995,0.03132475,4
5120,memory-heavy,m6i.xlarge,4,2.5636585,0.03621625,4
