dataset_size_mb,workload_type,instance_type,nodes,runtime_minutes,cost_usd,cpu_avg_pct,memory_avg_pct,source
10,cpu-heavy,m5.xlarge,2,0.840116667,0.005377,,,aws-emr-first-test
10,memory-heavy,m5.xlarge,2,1.06,0.006784,,,aws-emr
10,io-heavy,m5.xlarge,2,0.91,0.005824,,,aws-emr
100,cpu-heavy,m5.xlarge,2,0.95,0.00608,,,aws-emr
100,cpu-heavy,m5.xlarge,2,0.939533,0.006013,,,aws-emr:j-30HIP7YFIN0O7:s-04794012W606F81JQZJO
100,memory-heavy,m5.xlarge,2,0.973667,0.006231,,,aws-emr:j-29ETMYZ42EBCX:s-0769418BQQ8OQQDSUX8
100,io-heavy,m5.xlarge,2,1.041433,0.006665,,,aws-emr:j-1GLNMOTEHHHGU:s-0879840MILZRXPZ0DG6
500,cpu-heavy,m5.xlarge,2,1.307317,0.008367,,,aws-emr:j-1LSTYXWNOHQY7:s-0228088KB9M59XR3PEB
500,memory-heavy,m5.xlarge,2,1.374483,0.008797,,,aws-emr:j-347QGH4MI9INH:s-03395651EUSGLW3LZTV5
500,io-heavy,m5.xlarge,2,1.539917,0.009855,,,aws-emr:j-7V1HCFH6R2T8:s-02475671DSLL59PX906V
1024,cpu-heavy,m5.xlarge,2,1.46,0.009344,,,aws-emr
1024,memory-heavy,m5.xlarge,2,1.57,0.010048,,,aws-emr
1024,cpu-heavy,m5.xlarge,2,1.774933,0.01136,,,aws-emr:j-326LNLFJSAIYF:s-0867419VDRQ1Q9OEVHY
1024,memory-heavy,m5.xlarge,2,1.873033,0.011987,,,aws-emr:j-1E349DFOIP3ZT:s-09137263LU9EYPJ45OYI
1024,io-heavy,m5.xlarge,2,2.074217,0.013275,,,aws-emr:j-22S6DIPJ7RV2H:s-08837263SPJYMK45OUL
5120,cpu-heavy,m5.xlarge,2,5.172517,0.033104,,,aws-emr:j-3AHPICFBXMCGQ:s-0896853V17DNDLDZLXK
5120,memory-heavy,m5.xlarge,2,5.373567,0.034391,,,aws-emr:j-3VLJUUPZLBU3O:s-03368411VJ7Y84OS3EH1
5120,io-heavy,m5.xlarge,2,6.674333,0.042716,,,aws-emr:j-3CYHURYFBWKA9:s-008667926RYNYAZ6XXUZ
10,cpu-heavy,m5.xlarge,4,0.872867,0.011173,,,aws-emr:j-305C7NS1HRPXR:s-00684882WGLUBZUGWZD1
10,memory-heavy,m5.xlarge,4,0.90705,0.01161,,,aws-emr:j-1KO3D3L9RVHWD:s-08545362QLEX5II0P4AX
10,io-heavy,m5.xlarge,4,0.905483,0.01159,,,aws-emr:j-A0GIHB63K3XP:s-00879643SY0WM3K7HBDV
100,cpu-heavy,m5.xlarge,4,0.906467,0.011603,,,aws-emr:j-2D5C7OMSCX1BJ:s-06219702RIHYCE3GA65A
100,memory-heavy,m5.xlarge,4,0.941817,0.012055,,,aws-emr:j-1KUMCBEZERPKA:s-031581115TK0035YNY79
100,io-heavy,m5.xlarge,4,0.973183,0.012457,,,aws-emr:j-3SJ2IURT3FMM1:s-03380863VKI2K2WH9EOG
500,cpu-heavy,m5.xlarge,4,1.072917,0.013733,,,aws-emr:j-3L9OUE6DK27RK:s-088250218M8QU8A5PVI5
500,memory-heavy,m5.xlarge,4,1.106633,0.014165,,,aws-emr:j-2DO1H2982MPW1:s-0855921JN3KTPM9X4T4
500,io-heavy,m5.xlarge,4,1.17255,0.015009,,,aws-emr:j-LXMPCOJ997N4:s-08394803J4QSUBUHUPLU
1024,cpu-heavy,m5.xlarge,4,1.30645,0.016723,,,aws-emr:j-2P4IUJI53XX98:s-08877883EVCKHYII9RSL
1024,memory-heavy,m5.xlarge,4,1.306783,0.016727,,,aws-emr:j-GT7R9LFX0NVY:s-08535193BBZWFMCQCIAO
1024,io-heavy,m5.xlarge,4,1.506167,0.019279,,,aws-emr:j-AQYJJ275MZST:s-0192847IB1OT8IN4R5N
5120,cpu-heavy,m5.xlarge,4,2.773683,0.035503,,,aws-emr:j-3ONIUF59RD4SX:s-036462221AJB91AOOPVD
5120,memory-heavy,m5.xlarge,4,2.973667,0.038063,,,aws-emr:j-3TWQS2Z0GZ6HE:s-01356823GY8A8SHX2HA0
5120,io-heavy,m5.xlarge,4,3.540233,0.045315,,,aws-emr:j-BB6EDT1C7WUN:s-0474850130KBHYMM940S
10,io-heavy,c5.xlarge,4,0.873733,0.009902,,,aws-emr:j-2QYXQVD6D39Y0:s-031691035Z517DMOG3YQ
10,memory-heavy,c5.xlarge,4,1.0065,0.011407,,,aws-emr:j-2V9JCTOBMVOZW:s-0334292X2F080ZYK7AV
10,cpu-heavy,c5.xlarge,4,0.771833,0.008747,,,aws-emr:j-247W6BYNT8DA0:s-09085532BRL5I1OKJZHP
100,cpu-heavy,c5.xlarge,4,0.839533,0.009515,,,aws-emr:j-1FF177NDPBGXJ:s-04972231XOU0C97UOCK8
100,memory-heavy,c5.xlarge,4,0.906017,0.010268,,,aws-emr:j-3G6KPJ8OGG5ID:s-05569191XZBRJFJHAXNY
100,io-heavy,c5.xlarge,4,0.9084,0.010295,,,aws-emr:j-1OZABZBW7IMCE:s-033920479JEV16X22ZD
500,cpu-heavy,c5.xlarge,4,0.973933,0.011038,,,aws-emr:j-1O0RVCQ9M1CE7:s-06533371JRZ5J8MXNNM1
500,memory-heavy,c5.xlarge,4,1.00655,0.011408,,,aws-emr:j-353K3JKVSSX6:s-0523044ZUBOGNFEIVIQ
500,io-heavy,c5.xlarge,4,1.10585,0.012533,,,aws-emr:j-1CAGKDUG6BAD7:s-07003492ZCHFPF9EFT78
1024,memory-heavy,c5.xlarge,4,1.239433,0.014047,,,aws-emr:j-1XHUPBV8Y64LL:s-03366863GXZ66T7J59AH
1024,io-heavy,c5.xlarge,4,1.339867,0.015185,,,aws-emr:j-1VS9E3MZWUDJD:s-08545203JT8ME78CAQMC
1024,cpu-heavy,c5.xlarge,4,1.139117,0.01291,,,aws-emr:j-1X0JXTKRUTVE0:s-08575422VMLAZGZBT6DH
5120,memory-heavy,c5.xlarge,4,2.906167,0.032937,,,aws-emr:j-22GIGYR8ZAD5B:s-033673534QXJZZ8ZJ19S
5120,io-heavy,c5.xlarge,4,3.306167,0.03747,,,aws-emr:j-3AJ8OS8G5UX42:s-090282735NXSHKLNYJHV
5120,cpu-heavy,c5.xlarge,4,2.607317,0.02955,,,aws-emr:j-1QCOASFOODMKF:s-08558712LOOTB3J8N65I
10,cpu-heavy,m6i.xlarge,4,0.70705,0.009522,,,aws-emr:j-YWH3IIFGHVAM:s-03364272QNCRO61EKVR4
10,memory-heavy,m6i.xlarge,4,0.738333,0.009943,,,aws-emr:j-SMZ5M8T2EUOG:s-01587641IJF3JOL9DZ5E
10,io-heavy,m6i.xlarge,4,0.771967,0.010396,,,aws-emr:j-3D6KN1ZBHBLKB:s-066858735HUTOU9RCUK6
100,cpu-heavy,m6i.xlarge,4,0.706133,0.009509,,,aws-emr:j-1FQQ8GXDC2SFN:s-0865909JZXHNG36LONL
100,memory-heavy,m6i.xlarge,4,0.7724,0.010402,,,aws-emr:j-2JC6MWMJHPJ6V:s-01353611BUI3G8R3V7IH
100,io-heavy,m6i.xlarge,4,0.771517,0.01039,,,aws-emr:j-1T4C4JQWGMGGT:s-01841371IZHKNB9DG7DH
500,cpu-heavy,m6i.xlarge,4,0.8715,0.011736,,,aws-emr:j-1YZQGPNUK6EWB:s-07377543B3FS65LBVH43
500,memory-heavy,m6i.xlarge,4,0.9719,0.013088,,,aws-emr:j-1DSX3MMYKW4DC:s-03416962ESXVI3LK03W3
500,io-heavy,m6i.xlarge,4,0.93785,0.01263,,,aws-emr:j-1UL7AYAIXSP40:s-079109323D9PP361LUM
1024,cpu-heavy,m6i.xlarge,4,0.972167,0.013092,,,aws-emr:j-2IJOOTMBXKYYX:s-03417293OM9JBJMYDIRZ
1024,memory-heavy,m6i.xlarge,4,1.072183,0.014439,,,aws-emr:j-3ORGDXXIKZZPZ:s-04644624H8KE2R0MFM9
1024,io-heavy,m6i.xlarge,4,1.13945,0.015345,,,aws-emr:j-1FC44JGC6T3EL:s-04472963QV7KWMKJI4YP
5120,cpu-heavy,m6i.xlarge,4,2.105083,0.028348,,,aws-emr:j-116WU3CF53WPM:s-03440602HYNFG1IO4PKW
5120,memory-heavy,m6i.xlarge,4,2.33895,0.031498,,,aws-emr:j-QPGF133YY65S:s-0904524M1CE7CAFJMD
5120,io-heavy,m6i.xlarge,4,2.706233,0.036444,,,aws-emr:j-36N1DQG30YN3L:s-10214892TI6QD2FC9JXK
10,cpu-heavy,m6i.xlarge,2,0.938017,0.006316,,,aws-emr:j-27PXWMXGDLMV8:s-06200541CKFDJGOBQZKE
10,memory-heavy,m6i.xlarge,2,0.772317,0.0052,,,aws-emr:j-3MMAC7ZTJN21T:s-0336174ZT4FASAQIUML
10,io-heavy,m6i.xlarge,2,0.805933,0.005427,,,aws-emr:j-3VF8PTNXAGA7K:s-0336847XD6TW5O4RIAJ
100,cpu-heavy,m6i.xlarge,2,0.737567,0.004966,,,aws-emr:j-3381W2MIU5YZQ:s-03361061EDI9V4QWVJ6H
100,memory-heavy,m6i.xlarge,2,0.837967,0.005642,,,aws-emr:j-2SAB0VIGZ46I3:s-087206518ZCKGWNKH5DR
100,io-heavy,m6i.xlarge,2,0.838783,0.005648,,,aws-emr:j-3TZHIHMAVEKLB:s-0595065A1S7IA08NR3Q
500,cpu-heavy,m6i.xlarge,2,1.0049,0.006766,,,aws-emr:j-3MO80EEI9WBQ:s-03366201ZGKTBQH46XKC
500,memory-heavy,m6i.xlarge,2,1.104667,0.007438,,,aws-emr:j-32JCABG3X1SYD:s-03160862J6MXYV9L9ZMN
500,io-heavy,m6i.xlarge,2,1.171617,0.007889,,,aws-emr:j-XAIX3DDXPLHD:s-08655573HE14TE6XKV3H
1024,cpu-heavy,m6i.xlarge,2,1.406417,0.00947,,,aws-emr:j-1ZO1Z7DJRM1X9:s-0911542GDZH8TB2U256
1024,memory-heavy,m6i.xlarge,2,1.471983,0.009911,,,aws-emr:j-35LDG6NQOW2K3:s-09115232EJN56UOSQLDI
1024,io-heavy,m6i.xlarge,2,1.638617,0.011033,,,aws-emr:j-3CSKPJNMPBU3F:s-03372861ND9WYMDAQPHP
5120,cpu-heavy,m6i.xlarge,2,4.271567,0.028762,,,aws-emr:j-8PGF7RZH2YH5:s-036134019ESWSOYJOY4B
5120,memory-heavy,m6i.xlarge,2,4.23795,0.028536,,,aws-emr:j-HNBTSTQZVD4A:s-033728526NUGJZSNIC9B
5120,io-heavy,m6i.xlarge,2,5.10485,0.034373,,,aws-emr:j-2CHQU874KC7FH:s-03394123V1FI8FYO9PM5
10,cpu-heavy,c6i.xlarge,4,0.672733,0.008611,,,aws-emr:j-IPYN2MWIMKB:s-03365113G1LDUOAUARJL
10,memory-heavy,c6i.xlarge,4,0.70555,0.009031,,,aws-emr:j-2URV93G844LLL:s-06631692PEQM6PQCO7U
10,io-heavy,c6i.xlarge,4,0.73835,0.009451,,,aws-emr:j-1KN7SZOK03C64:s-0857897C4A39YLVELGS
100,cpu-heavy,c6i.xlarge,4,0.704383,0.009016,,,aws-emr:j-3HP9ZZQ1Y1TD2:s-0189910JCPYSTK2LYFQ
100,memory-heavy,c6i.xlarge,4,0.771833,0.009879,,,aws-emr:j-13J20LTUQAZS4:s-08046442G3NRHN61MVBM
100,io-heavy,c6i.xlarge,4,0.771117,0.00987,,,aws-emr:j-KT88D77XJG76:s-09005322Q9MRA8AD3O5I
500,cpu-heavy,c6i.xlarge,4,0.838367,0.010731,,,aws-emr:j-2QMP1XRM558ER:s-0744965XF66DG4N5ZSA
500,memory-heavy,c6i.xlarge,4,0.906467,0.011603,,,aws-emr:j-1DJQN9NRE9N8F:s-0159340COU8DGKWA0BK
500,io-heavy,c6i.xlarge,4,0.938867,0.012017,,,aws-emr:j-3MKVB4DYZ5HU6:s-03428082166VHTD4I1J4
10,cpu-heavy,m5a.xlarge,4,1.0752,0.012329,,,aws-emr:j-4FIQ8VK7EYXI:s-09621992XC87R7JJZK9M
10,memory-heavy,m5a.xlarge,4,1.143933,0.013117,,,aws-emr:j-KYIGF47VK0YS:s-034209433YEFCQ1RDRX4
100,cpu-heavy,m5a.xlarge,4,1.142417,0.0131,,,aws-emr:j-1RFR0VI2B6XU0:s-033107623MV814G0M4H5
100,memory-heavy,m5a.xlarge,4,1.210033,0.013875,,,aws-emr:j-JVUK89H6CZ6W:s-0726354KUK5P7TA40SA
100,io-heavy,m5a.xlarge,4,1.20865,0.013859,,,aws-emr:j-U7XE8JOHETV0:s-015914412E4O40T1B6W2
500,cpu-heavy,m5a.xlarge,4,1.342317,0.015392,,,aws-emr:j-27E88WXZJIS2L:s-0518983CW67EQVUDOG2
500,memory-heavy,m5a.xlarge,4,1.376833,0.015788,,,aws-emr:j-JJSEIO33TZXC:s-05941972JP8K7Z4G2C50
500,io-heavy,m5a.xlarge,4,1.445867,0.016579,,,aws-emr:j-1IGJ94F73PZJM:s-08817511GBZY8QFH8EIJ
1024,cpu-heavy,m5a.xlarge,4,1.508233,0.017294,,,aws-emr:j-1GNPU6DUVO4XL:s-034036033QWQDLA570QB
1024,memory-heavy,m5a.xlarge,4,1.608517,0.018444,,,aws-emr:j-1T7BH3IAPD96S:s-035716036K8JOESQLWWT
1024,io-heavy,m5a.xlarge,4,1.7438,0.019996,,,aws-emr:j-FD49UMFRQH1E:s-03503812XB8OQIACWX3N
5120,cpu-heavy,m5a.xlarge,4,3.275,0.037553,,,aws-emr:j-17UE23652B874:s-06992913AFVD3MSB15NT
5120,memory-heavy,m5a.xlarge,4,3.541517,0.040609,,,aws-emr:j-BCZN4Q4R3KEL:s-1002688QVIFV7TU0LQX
5120,io-heavy,m5a.xlarge,4,4.208467,0.048257,,,aws-emr:j-1OB1SL8Y1Z7R:s-0336565307D6MVDV9LJV
10,cpu-heavy,c5a.xlarge,4,0.738783,0.007585,,,aws-emr:j-F2EJT1HFJQT6:s-09811392DSOXW8KQU54K
10,memory-heavy,c5a.xlarge,4,0.972433,0.009984,,,aws-emr:j-29V428V4TNYY9:s-01820242IU7B54EIBJY1
10,io-heavy,c5a.xlarge,4,0.805833,0.008273,,,aws-emr:j-1PZ5N3B5HZE74:s-034371633SHCFOW06KOE
100,cpu-heavy,c5a.xlarge,4,0.7721,0.007927,,,aws-emr:j-TI0MVK9AR8LK:s-034237419VPCHX6TPU4L
100,memory-heavy,c5a.xlarge,4,0.839233,0.008616,,,aws-emr:j-PSYDR0ZTS0EQ:s-03313952AFRIPY7AW4E6
100,io-heavy,c5a.xlarge,4,0.838383,0.008607,,,aws-emr:j-37U9GK58FQAD1:s-07365282C4Z6JJIF8S17
500,cpu-heavy,c5a.xlarge,4,0.872517,0.008958,,,aws-emr:j-R4XN5IIATT9Z:s-03423191EZMSPF7G6H9J
500,memory-heavy,c5a.xlarge,4,0.939117,0.009642,,,aws-emr:j-18BYQYKVQLMA8:s-085883618Y7MJPEXH0ZW
500,io-heavy,c5a.xlarge,4,1.4727,0.01512,,,aws-emr:j-21JWJ0E1LSQ3N:s-09133641MUBIMJKX1L4I
1024,cpu-heavy,c5a.xlarge,4,1.038583,0.010663,,,aws-emr:j-OWI8A5IOJ2QD:s-02436961P3U9V0N9BQ6X
1024,memory-heavy,c5a.xlarge,4,1.105,0.011345,,,aws-emr:j-1EC8LCFCFATZW:s-03436443M6WVT5OJENSU
1024,io-heavy,c5a.xlarge,4,1.171967,0.012032,,,aws-emr:j-2EKXYLN70OROO:s-08818821I9BLWAPRTLZ5
5120,cpu-heavy,c5a.xlarge,4,2.20585,0.022647,,,aws-emr:j-3731BJ4EBP4BS:s-032968330LH4CE9Z5NF2
5120,memory-heavy,c5a.xlarge,4,2.305067,0.023665,,,aws-emr:j-KE6N1XGB09UU:s-03427173LAUVTQ2V69JQ
5120,io-heavy,c5a.xlarge,4,2.839033,0.029147,,,aws-emr:j-3C7WVUM6R8U2S:s-0758137AXD9WHASBN52
1024,cpu-heavy,c6i.xlarge,4,1.504433,0.019257,,,aws-emr:j-TZ2XRM3CII3R:s-04669582UO1GKJEB6QWQ
1024,memory-heavy,c6i.xlarge,4,1.60445,0.020537,,,aws-emr:j-370ZORBRZNDS4:s-094714239NWXMRGXGRAY
1024,io-heavy,c6i.xlarge,4,1.705733,0.021833,,,aws-emr:j-1RK99X8KHSLT5:s-09059802U5B982S3G9NA
5120,cpu-heavy,c6i.xlarge,4,3.238583,0.041454,,,aws-emr:j-2YGPA6PMSB4MU:s-0342320UQK8BS37SMIA
5120,memory-heavy,c6i.xlarge,4,3.072017,0.039322,,,aws-emr:j-1BVHRHU492WYH:s-034233437XYDZ2VYIN1D
5120,io-heavy,c6i.xlarge,4,3.705483,0.04743,,,aws-emr:j-2WJ3E5XZLGIEH:s-09099093CQRO0ZOBOU9H
10,cpu-heavy,m5.xlarge,4,1.2066,0.015444,,,aws-emr:j-1XQUB9HZNQXM2:s-05478043SBT9H9UCT2KU
10,memory-heavy,m5.xlarge,4,1.10625,0.01416,,,aws-emr:j-313WM0PEY4QN8:s-08812151P97TGYSEHRLM
10,io-heavy,m5.xlarge,4,1.141067,0.014606,,,aws-emr:j-1FYHWYIOAUUDP:s-0341110XM81EOV76F5Y
100,cpu-heavy,m5.xlarge,4,1.1397,0.014588,,,aws-emr:j-197ZE0Y48W7CJ:s-026039320J1H9OEIN6JV
100,memory-heavy,m5.xlarge,4,1.206667,0.015445,,,aws-emr:j-7FC7JOUXZVJL:s-0894268OML56EZR61GZ
100,io-heavy,m5.xlarge,4,1.172767,0.015011,,,aws-emr:j-2Q9LMNNCR0PQ6:s-03401653CMXZUGZNM1GL
500,cpu-heavy,m5.xlarge,4,1.306117,0.016718,,,aws-emr:j-1ZK2M70S79BGU:s-0857085EHQO7MSX9DKU
500,memory-heavy,m5.xlarge,4,1.406683,0.018006,,,aws-emr:j-3DE1RQMR7U528:s-10027383ISK42C7UNYGN
500,io-heavy,m5.xlarge,4,1.473983,0.018867,,,aws-emr:j-26YP5MYKS7M41:s-03409483HRE7HCDP39XQ
1024,cpu-heavy,m5.xlarge,4,1.506433,0.019282,,,aws-emr:j-2WS1DO5U55O7V:s-03426083KIE32GA5MVA6
1024,memory-heavy,m5.xlarge,4,1.57215,0.020124,,,aws-emr:j-2C6ZXMEYTJJDT:s-06934982C5CG6D3BYBQP
1024,io-heavy,m5.xlarge,4,1.640867,0.021003,,,aws-emr:j-2JFASL4WSTL81:s-08933401ZHPRHVHQLJ31
5120,cpu-heavy,m5.xlarge,4,3.2072,0.041052,,,aws-emr:j-3KNKS0DDGUKRC:s-10084212VW3RSHPAXRFE
5120,memory-heavy,m5.xlarge,4,3.33995,0.042751,,,aws-emr:j-18G3YXXZYEF3D:s-09284603P2IMRXB783XT
5120,io-heavy,m5.xlarge,4,3.972817,0.050852,,,aws-emr:j-VW0977KGTSMM:s-024378116C32U151WRWU
10,cpu-heavy,m5.xlarge,2,0.872633,0.005585,,,aws-emr:j-29548GAMPHMO:s-08325253JXNXW9N70Y13
10,memory-heavy,c5.xlarge,4,1.272933,0.014427,,,aws-emr:j-25EXIIX9CQ14C:s-0957198181QJBAZA4CUG
10,memory-heavy,m5.xlarge,2,0.973683,0.006232,,,aws-emr:j-1KFLBBBXBCG1:s-0231577OI6RZXLCREO
10,io-heavy,c5.xlarge,4,1.305633,0.014797,,,aws-emr:j-3K9PQWC7EOT7E:s-018093917JGRG221Y2LW
10,io-heavy,m5.xlarge,2,1.039133,0.00665,,,aws-emr:j-WFIT0QWHIRNK:s-09800901KT3YRH0YQ920
100,memory-heavy,c5.xlarge,4,1.341717,0.015206,,,aws-emr:j-UBW2FW7J4QRP:s-067262035JKU6ZISD21Y
100,cpu-heavy,m5.xlarge,2,0.97285,0.006226,,,aws-emr:j-32BFEDRM8C7CP:s-06163803ANXY29GTSDGM
100,memory-heavy,m5.xlarge,2,1.04055,0.00666,,,aws-emr:j-3QHXGMRF1PYYU:s-0337770296SCY13BSFRI
100,io-heavy,c5.xlarge,4,1.3731,0.015562,,,aws-emr:j-1URH06545TZIU:s-01076172J66F02BNR5XR
100,io-heavy,m5.xlarge,2,1.273233,0.008149,,,aws-emr:j-OZ1OUQHLPH0E:s-09797222X8VNWHY73X2D
500,memory-heavy,c5.xlarge,4,1.573517,0.017833,,,aws-emr:j-1O3WYUU8WJXL0:s-09088351JOAISAZ1ONX9
500,cpu-heavy,m5.xlarge,2,1.740867,0.011142,,,aws-emr:j-2WPZKCQ4ZKVHQ:s-03407512154LIDXNZCVA
500,io-heavy,c5.xlarge,4,1.939917,0.021986,,,aws-emr:j-55412S6HYB9H:s-086917133C1TJUMPPRZK
1024,memory-heavy,c5.xlarge,4,1.7729,0.020093,,,aws-emr:j-23YY6K9WT4MGJ:s-03465641526S128HSNZ8
500,memory-heavy,m5.xlarge,2,1.444483,0.009245,,,aws-emr:j-1JWIVL5NIMWYL:s-03413481L61GGZO7EN7N
1024,io-heavy,c5.xlarge,4,1.905033,0.02159,,,aws-emr:j-HEWQ218CR5KA:s-01552952Y4WSY8BY119F
500,io-heavy,m5.xlarge,2,1.581183,0.01012,,,aws-emr:j-1379CMSEQ1PZV:s-0741587V3BBVPFSB5T7
1024,cpu-heavy,m5.xlarge,2,1.840917,0.011782,,,aws-emr:j-2K0NC3NBZ7E6X:s-06929661WCN18DZ8MHNY
5120,memory-heavy,c5.xlarge,4,3.7067,0.042009,,,aws-emr:j-WFU8CLK0NAKE:s-0437543VVI1XVDAU03G
5120,io-heavy,c5.xlarge,4,4.4067,0.049943,,,aws-emr:j-8V24CZO249OF:s-067179523HBEEFMRAS17
1024,memory-heavy,m5.xlarge,2,2.078667,0.013303,,,aws-emr:j-3PBST7TDSHZX1:s-09036273PXY7ZX38SWBQ
1024,io-heavy,m5.xlarge,2,2.139683,0.013694,,,aws-emr:j-2FR6AK0DNX4J9:s-10051412BWRDQISY3225
5120,cpu-heavy,m5.xlarge,2,5.639367,0.036092,,,aws-emr:j-1KJUXUR88AC33:s-05296423UXPO5GNMK6ZT
5120,memory-heavy,m5.xlarge,2,5.606117,0.035879,,,aws-emr:j-1TFQOI9G8N1YK:s-021344327MJ3NEDOSSSH
5120,io-heavy,m5.xlarge,2,7.306567,0.046762,,,aws-emr:j-3BN8PKA3N6Q9K:s-10264893G5SGQMLHMJQ2
10,cpu-heavy,m6i.xlarge,4,0.905333,0.012192,,,aws-emr:j-28TXPPF1E74M7:s-04665772R7UTPBRDROFW
10,cpu-heavy,c6i.xlarge,4,1.205617,0.015432,,,aws-emr:j-1BVCS3WGKRX50:s-03958163K2P4JU4VFWPH
10,memory-heavy,c6i.xlarge,4,1.238483,0.015853,,,aws-emr:j-1RY671IVRNJ7J:s-01780475JZI2LKJQ5V
10,memory-heavy,m6i.xlarge,4,0.8726,0.011751,,,aws-emr:j-1GXS0EF6K6ZGK:s-06604342YR6ZPG83X2O0
10,io-heavy,c6i.xlarge,4,1.171633,0.014997,,,aws-emr:j-1WFAUHVWZWO45:s-08718221TW56TDH9GNUL
10,io-heavy,m6i.xlarge,4,0.872433,0.011749,,,aws-emr:j-15QM2IRSZO92N:s-02421211LZ6SKHXRM3H7
100,cpu-heavy,c6i.xlarge,4,1.171967,0.015001,,,aws-emr:j-10WYR7L76KWOP:s-03312932MGMMV596GE68
100,cpu-heavy,m6i.xlarge,4,0.872167,0.011745,,,aws-emr:j-2VA5SZG3HCPZ5:s-079820438BAXDSD6B054
100,memory-heavy,m6i.xlarge,4,0.9724,0.013095,,,aws-emr:j-M0KJKWX0A67L:s-0714668XBUXVIXZTRP4
100,memory-heavy,c6i.xlarge,4,1.204533,0.015418,,,aws-emr:j-3UME90MOWPCRN:s-01777952AYIYC5FFCSJT
100,io-heavy,c6i.xlarge,4,1.338683,0.017135,,,aws-emr:j-3MUF26RESDQ1Y:s-04621941VYQJOQ7B03LP
100,io-heavy,m6i.xlarge,4,1.005367,0.013539,,,aws-emr:j-2BS598RWB9W37:s-08659022UGD7N1VPBBLP
500,cpu-heavy,c6i.xlarge,4,1.337733,0.017123,,,aws-emr:j-13CNBJV2J6KSF:s-094544726FBHGPU0HWD9
500,cpu-heavy,m6i.xlarge,4,1.109167,0.014937,,,aws-emr:j-1GRVNN23TX4BT:s-03410902VHSUTLLMU6TZ
500,memory-heavy,c6i.xlarge,4,1.373033,0.017575,,,aws-emr:j-1NWMKU7YGAB3L:s-0706648P2B6DDM2BCYW
500,memory-heavy,m6i.xlarge,4,1.138367,0.01533,,,aws-emr:j-35HAFBP3W4C6:s-06084632LNGIS0DUGDE
500,io-heavy,c6i.xlarge,4,1.471733,0.018838,,,aws-emr:j-F4ADBDTC2040:s-034178835UR248JICVRJ
500,io-heavy,m6i.xlarge,4,1.23905,0.016686,,,aws-emr:j-54HB8M0N1EAW:s-085513236NMGEYT4X7L
1024,cpu-heavy,c6i.xlarge,4,1.605717,0.020553,,,aws-emr:j-2XW33FC3C9FJR:s-0342654V321VQTB0OOP
1024,cpu-heavy,m6i.xlarge,4,1.30595,0.017587,,,aws-emr:j-QTXY7QHPF2X:s-0341131165YO3O68QLL0
1024,memory-heavy,c6i.xlarge,4,1.604767,0.020541,,,aws-emr:j-7JS8XGJS37R2:s-0331549HB1T4BJLYDTR
1024,memory-heavy,m6i.xlarge,4,1.605167,0.021616,,,aws-emr:j-10PJ1DUPFTIDM:s-05493201OGZDGTYDCZ2Y
1024,io-heavy,c6i.xlarge,4,2.07195,0.026521,,,aws-emr:j-U8517PCIPDUU:s-0332024AEWYM0JH0PRR
1024,io-heavy,m6i.xlarge,4,1.372083,0.018477,,,aws-emr:j-2VOSU99JIV6FZ:s-10052241D2NIEJ5TGNJ1
5120,cpu-heavy,c6i.xlarge,4,2.972433,0.038047,,,aws-emr:j-3A29C7CUY9STS:s-08099023J1BL6YDWKG7P
5120,cpu-heavy,m6i.xlarge,4,2.87215,0.038678,,,aws-emr:j-212WFN27ICABY:s-08587252LMFMVX1REG6Q
5120,memory-heavy,c6i.xlarge,4,3.439017,0.044019,,,aws-emr:j-1EYTBR104ZKUR:s-06764001FT3BRU3TVATW
5120,memory-heavy,m6i.xlarge,4,2.639117,0.03554,,,aws-emr:j-27S987PE903O1:s-088169539CBORMOZMB1N
5120,io-heavy,c6i.xlarge,4,3.806517,0.048723,,,aws-emr:j-3TWC00QUZ6494:s-03364911BU9VCW1R4Z45
5120,io-heavy,m6i.xlarge,4,3.273283,0.04408,,,aws-emr:j-1931SHKVISBE0:s-0461248R5AWWUE5KKJ110.0
10,cpu-heavy,m6i.xlarge,2,0.739183,0.004977,,,aws-emr:j-M8W77KLZ0PV:s-0466218B7JJLELWWKE6
10,memory-heavy,m6i.xlarge,2,0.771333,0.005194,,,aws-emr:j-OJ390JHHD6L:s-00372381F5R5X8WYNO84
10,io-heavy,m6i.xlarge,2,0.9067,0.006105,,,aws-emr:j-20VUVR56ICRN2:s-09030833KZXCCLJH3NV5
100,cpu-heavy,m6i.xlarge,2,0.80505,0.005421,,,aws-emr:j-1N0NVU1RF9A7C:s-100463712OV958R4F9I7
100,memory-heavy,m6i.xlarge,2,1.24,0.008349,,,aws-emr:j-324XDJ4VVYLTS:s-03415511391SR8LSAOLL
100,io-heavy,m6i.xlarge,2,0.8392,0.005651,,,aws-emr:j-3C406JONWT0XB:s-09451682P5EL071UTCIP
500,cpu-heavy,m6i.xlarge,2,1.037833,0.006988,,,aws-emr:j-359TNK78CSGV4:s-02332433U57O7CUPVJ50
500,memory-heavy,m6i.xlarge,2,1.13795,0.007662,,,aws-emr:j-CKXFK0M9NAMK:s-06829532P6DIENPFD1W4
500,io-heavy,m6i.xlarge,2,1.238483,0.008339,,,aws-emr:j-153X6GT7EAWY:s-08319123AY3UI25RYGCS
1024,cpu-heavy,m6i.xlarge,2,1.405433,0.009463,,,aws-emr:j-3SKDV326EOUSW:s-088156814T6BG2K7AXO2
1024,memory-heavy,m6i.xlarge,2,1.572583,0.010589,,,aws-emr:j-6G8IBZ6NIH2F:s-03314606ZLLOF9PARC8
1024,io-heavy,m6i.xlarge,2,1.639067,0.011036,,,aws-emr:j-1UV5X2XAK7EOR:s-0340500285B9DBXOI6PJ
5120,cpu-heavy,m6i.xlarge,2,4.606083,0.031014,,,aws-emr:j-9RLJSBL033YJ:s-0241686R3WWASZXDSTR
5120,memory-heavy,m6i.xlarge,2,4.50715,0.030348,,,aws-emr:j-34JX7LD1NNFLS:s-04852441CZ48FVQP7GL2
5120,io-heavy,m6i.xlarge,2,5.34055,0.03596,,,aws-emr:j-IYSJUR34DATE:s-0342966TKYF9SV992CJ