region,vm_size,nodes,retry_list_path
centralindia,Standard_D2s_v3,2,retry_lists/centralindia_Standard_D2s_v3_n2.csv
centralindia,Standard_D4s_v3,2,retry_lists/centralindia_Standard_D4s_v3_n2.csv
centralindia,Standard_D4s_v3,4,retry_lists/centralindia_Standard_D4s_v3_n4.csv
centralindia,Standard_D4as_v4,2,retry_lists/centralindia_Standard_D4as_v4_n2.csv
centralindia,Standard_D4as_v4,4,retry_lists/centralindia_Standard_D4as_v4_n4.csv
centralindia,Standard_D2ds_v4,2,retry_lists/centralindia_Standard_D2ds_v4_n2.csv
centralindia,Standard_D2ds_v4,4,retry_lists/centralindia_Standard_D2ds_v4_n4.csv
centralindia,Standard_D4ds_v4,2,retry_lists/centralindia_Standard_D4ds_v4_n2.csv
centralindia,Standard_D4ds_v4,4,retry_lists/centralindia_Standard_D4ds_v4_n4.csv
southeastasia,Standard_D2s_v3,4,retry_lists/southeastasia_Standard_D2s_v3_n4.csv
southeastasia,Standard_D4s_v3,2,retry_lists/southeastasia_Standard_D4s_v3_n2.csv
southeastasia,Standard_D4s_v3,4,retry_lists/southeastasia_Standard_D4s_v3_n4.csv
southeastasia,Standard_D2as_v4,2,retry_lists/southeastasia_Standard_D2as_v4_n2.csv
southeastasia,Standard_D2as_v4,4,retry_lists/southeastasia_Standard_D2as_v4_n4.csv
southeastasia,Standard_D4as_v4,2,retry_lists/southeastasia_Standard_D4as_v4_n2.csv
southeastasia,Standard_D4as_v4,4,retry_lists/southeastasia_Standard_D4as_v4_n4.csv
southeastasia,Standard_D2ds_v4,2,retry_lists/southeastasia_Standard_D2ds_v4_n2.csv
southeastasia,Standard_D2ds_v4,4,retry_lists/southeastasia_Standard_D2ds_v4_n4.csv
southeastasia,Standard_D4ds_v4,2,retry_lists/southeastasia_Standard_D4ds_v4_n2.csv
southeastasia,Standard_D4ds_v4,4,retry_lists/southeastasia_Standard_D4ds_v4_n4.csv
