Region,VM_Size,Nodes,Dataset_Size_MB,Workload,Run_Number
centralindia,Standard_D2s_v3,2,10,cpu,1
centralindia,Standard_D2s_v3,2,10,cpu,2
centralindia,Standard_D2s_v3,2,10,memory,1
centralindia,Standard_D2s_v3,2,10,memory,2
centralindia,Standard_D2s_v3,2,10,io,1
centralindia,Standard_D2s_v3,2,10,io,2
centralindia,Standard_D2s_v3,2,100,cpu,1
centralindia,Standard_D2s_v3,2,100,cpu,2
centralindia,Standard_D2s_v3,2,100,memory,1
centralindia,Standard_D2s_v3,2,100,memory,2
centralindia,Standard_D2s_v3,2,100,io,1
centralindia,Standard_D2s_v3,2,100,io,2
centralindia,Standard_D2s_v3,2,500,cpu,1
centralindia,Standard_D2s_v3,2,500,cpu,2
centralindia,Standard_D2s_v3,2,500,memory,1
centralindia,Standard_D2s_v3,2,500,memory,2
centralindia,Standard_D2s_v3,2,500,io,1
centralindia,Standard_D2s_v3,2,500,io,2
centralindia,Standard_D2s_v3,2,1024,cpu,1
centralindia,Standard_D2s_v3,2,1024,cpu,2
centralindia,Standard_D2s_v3,2,1024,memory,1
centralindia,Standard_D2s_v3,2,1024,memory,2
centralindia,Standard_D2s_v3,2,1024,io,1
centralindia,Standard_D2s_v3,2,1024,io,2
centralindia,Standard_D2s_v3,2,2048,cpu,1
centralindia,Standard_D2s_v3,2,2048,cpu,2
centralindia,Standard_D2s_v3,2,2048,memory,1
centralindia,Standard_D2s_v3,2,2048,memory,2
centralindia,Standard_D2s_v3,2,2048,io,1
centralindia,Standard_D2s_v3,2,2048,io,2
centralindia,Standard_D2s_v3,2,3072,cpu,1
centralindia,Standard_D2s_v3,2,3072,cpu,2
centralindia,Standard_D2s_v3,2,3072,memory,1
centralindia,Standard_D2s_v3,2,3072,memory,2
centralindia,Standard_D2s_v3,2,3072,io,1
centralindia,Standard_D2s_v3,2,3072,io,2
centralindia,Standard_D2s_v3,2,5120,io,1
centralindia,Standard_D2s_v3,2,5120,io,2
centralindia,Standard_D2s_v3,4,10,cpu,1
centralindia,Standard_D2s_v3,4,10,cpu,2
centralindia,Standard_D2s_v3,4,10,memory,1
centralindia,Standard_D2s_v3,4,10,memory,2
centralindia,Standard_D2s_v3,4,10,io,1
centralindia,Standard_D2s_v3,4,10,io,2
centralindia,Standard_D2s_v3,4,100,cpu,1
centralindia,Standard_D2s_v3,4,100,cpu,2
centralindia,Standard_D2s_v3,4,100,memory,1
centralindia,Standard_D2s_v3,4,100,memory,2
centralindia,Standard_D2s_v3,4,100,io,1
centralindia,Standard_D2s_v3,4,100,io,2
centralindia,Standard_D2s_v3,4,500,cpu,1
centralindia,Standard_D2s_v3,4,500,cpu,2
centralindia,Standard_D2s_v3,4,500,memory,1
centralindia,Standard_D2s_v3,4,500,memory,2
centralindia,Standard_D2s_v3,4,500,io,1
centralindia,Standard_D2s_v3,4,500,io,2
centralindia,Standard_D2s_v3,4,1024,cpu,1
centralindia,Standard_D2s_v3,4,1024,cpu,2
centralindia,Standard_D2s_v3,4,1024,memory,1
centralindia,Standard_D2s_v3,4,1024,memory,2
centralindia,Standard_D2s_v3,4,1024,io,1
centralindia,Standard_D2s_v3,4,1024,io,2
centralindia,Standard_D2s_v3,4,2048,cpu,1
centralindia,Standard_D2s_v3,4,2048,cpu,2
centralindia,Standard_D2s_v3,4,2048,memory,1
centralindia,Standard_D2s_v3,4,2048,memory,2
centralindia,Standard_D2s_v3,4,2048,io,1
centralindia,Standard_D2s_v3,4,2048,io,2
centralindia,Standard_D2s_v3,4,3072,cpu,1
centralindia,Standard_D2s_v3,4,3072,cpu,2
centralindia,Standard_D2s_v3,4,3072,memory,1
centralindia,Standard_D2s_v3,4,3072,memory,2
centralindia,Standard_D2s_v3,4,3072,io,1
centralindia,Standard_D2s_v3,4,3072,io,2
centralindia,Standard_D2s_v3,4,5120,cpu,1
centralindia,Standard_D2s_v3,4,5120,cpu,2
centralindia,Standard_D2s_v3,4,5120,memory,1
centralindia,Standard_D2s_v3,4,5120,memory,2
centralindia,Standard_D2s_v3,4,5120,io,1
centralindia,Standard_D2s_v3,4,5120,io,2
centralindia,Standard_D2as_v4,2,10,cpu,1
centralindia,Standard_D2as_v4,2,10,cpu,2
centralindia,Standard_D2as_v4,2,10,memory,1
centralindia,Standard_D2as_v4,2,10,memory,2
centralindia,Standard_D2as_v4,2,10,io,1
centralindia,Standard_D2as_v4,2,10,io,2
centralindia,Standard_D2as_v4,2,100,cpu,1
centralindia,Standard_D2as_v4,2,100,cpu,2
centralindia,Standard_D2as_v4,2,100,memory,1
centralindia,Standard_D2as_v4,2,100,memory,2
centralindia,Standard_D2as_v4,2,100,io,1
centralindia,Standard_D2as_v4,2,100,io,2
centralindia,Standard_D2as_v4,2,500,cpu,1
centralindia,Standard_D2as_v4,2,500,cpu,2
centralindia,Standard_D2as_v4,2,500,memory,1
centralindia,Standard_D2as_v4,2,500,memory,2
centralindia,Standard_D2as_v4,2,500,io,1
centralindia,Standard_D2as_v4,2,500,io,2
centralindia,Standard_D2as_v4,2,1024,cpu,1
centralindia,Standard_D2as_v4,2,1024,cpu,2
centralindia,Standard_D2as_v4,2,1024,memory,1
centralindia,Standard_D2as_v4,2,1024,memory,2
centralindia,Standard_D2as_v4,2,1024,io,1
centralindia,Standard_D2as_v4,2,1024,io,2
centralindia,Standard_D2as_v4,2,2048,cpu,1
centralindia,Standard_D2as_v4,2,2048,cpu,2
centralindia,Standard_D2as_v4,2,2048,memory,1
centralindia,Standard_D2as_v4,2,2048,memory,2
centralindia,Standard_D2as_v4,2,2048,io,1
centralindia,Standard_D2as_v4,2,2048,io,2
centralindia,Standard_D2as_v4,2,3072,cpu,1
centralindia,Standard_D2as_v4,2,3072,cpu,2
centralindia,Standard_D2as_v4,2,3072,memory,1
centralindia,Standard_D2as_v4,2,3072,memory,2
centralindia,Standard_D2as_v4,2,3072,io,1
centralindia,Standard_D2as_v4,2,3072,io,2
centralindia,Standard_D2as_v4,2,5120,cpu,1
centralindia,Standard_D2as_v4,2,5120,cpu,2
centralindia,Standard_D2as_v4,2,5120,memory,1
centralindia,Standard_D2as_v4,2,5120,memory,2
centralindia,Standard_D2as_v4,2,5120,io,1
centralindia,Standard_D2as_v4,2,5120,io,2
centralindia,Standard_D2as_v4,4,10,cpu,1
centralindia,Standard_D2as_v4,4,10,cpu,2
centralindia,Standard_D2as_v4,4,10,memory,1
centralindia,Standard_D2as_v4,4,10,memory,2
centralindia,Standard_D2as_v4,4,10,io,1
centralindia,Standard_D2as_v4,4,10,io,2
centralindia,Standard_D2as_v4,4,100,cpu,1
centralindia,Standard_D2as_v4,4,100,cpu,2
centralindia,Standard_D2as_v4,4,100,memory,1
centralindia,Standard_D2as_v4,4,100,memory,2
centralindia,Standard_D2as_v4,4,100,io,1
centralindia,Standard_D2as_v4,4,100,io,2
centralindia,Standard_D2as_v4,4,500,cpu,1
centralindia,Standard_D2as_v4,4,500,cpu,2
centralindia,Standard_D2as_v4,4,500,memory,1
centralindia,Standard_D2as_v4,4,500,memory,2
centralindia,Standard_D2as_v4,4,500,io,1
centralindia,Standard_D2as_v4,4,500,io,2
centralindia,Standard_D2as_v4,4,1024,cpu,1
centralindia,Standard_D2as_v4,4,1024,cpu,2
centralindia,Standard_D2as_v4,4,1024,memory,1
centralindia,Standard_D2as_v4,4,1024,memory,2
centralindia,Standard_D2as_v4,4,1024,io,1
centralindia,Standard_D2as_v4,4,1024,io,2
centralindia,Standard_D2as_v4,4,2048,cpu,1
centralindia,Standard_D2as_v4,4,2048,cpu,2
centralindia,Standard_D2as_v4,4,2048,memory,1
centralindia,Standard_D2as_v4,4,2048,memory,2
centralindia,Standard_D2as_v4,4,2048,io,1
centralindia,Standard_D2as_v4,4,2048,io,2
centralindia,Standard_D2as_v4,4,3072,cpu,1
centralindia,Standard_D2as_v4,4,3072,cpu,2
centralindia,Standard_D2as_v4,4,3072,memory,1
centralindia,Standard_D2as_v4,4,3072,memory,2
centralindia,Standard_D2as_v4,4,3072,io,1
centralindia,Standard_D2as_v4,4,3072,io,2
centralindia,Standard_D2as_v4,4,5120,cpu,1
centralindia,Standard_D2as_v4,4,5120,cpu,2
centralindia,Standard_D2as_v4,4,5120,memory,1
centralindia,Standard_D2as_v4,4,5120,memory,2
centralindia,Standard_D2as_v4,4,5120,io,1
centralindia,Standard_D2as_v4,4,5120,io,2
centralindia,Standard_D2ds_v4,2,3072,io,1
centralindia,Standard_D2ds_v4,2,3072,io,2
centralindia,Standard_D2ds_v4,2,5120,cpu,1
centralindia,Standard_D2ds_v4,2,5120,cpu,2
centralindia,Standard_D2ds_v4,2,5120,memory,1
centralindia,Standard_D2ds_v4,4,3072,cpu,1
centralindia,Standard_D2ds_v4,4,3072,cpu,2
centralindia,Standard_D2ds_v4,4,3072,memory,1
centralindia,Standard_D2ds_v4,4,3072,memory,2
centralindia,Standard_D2ds_v4,4,3072,io,1
centralindia,Standard_D2ds_v4,4,3072,io,2
centralindia,Standard_D4ds_v4,2,3072,cpu,1
centralindia,Standard_D4ds_v4,2,3072,cpu,2
centralindia,Standard_D4ds_v4,2,3072,memory,1
centralindia,Standard_D4ds_v4,2,3072,memory,2
centralindia,Standard_D4ds_v4,2,3072,io,1
centralindia,Standard_D4ds_v4,4,3072,cpu,1
centralindia,Standard_D4ds_v4,4,3072,cpu,2
centralindia,Standard_D4ds_v4,4,3072,memory,1
centralindia,Standard_D4ds_v4,4,3072,memory,2
centralindia,Standard_D4ds_v4,4,3072,io,1
centralindia,Standard_D4ds_v4,4,3072,io,2
centralindia,Standard_D4ds_v4,4,5120,cpu,1
centralindia,Standard_D4ds_v4,4,5120,cpu,2
centralindia,Standard_D4ds_v4,4,5120,memory,1
centralindia,Standard_D4ds_v4,4,5120,memory,2
southeastasia,Standard_D2s_v3,2,10,cpu,1
southeastasia,Standard_D2s_v3,2,10,cpu,2
southeastasia,Standard_D2s_v3,2,10,memory,1
southeastasia,Standard_D2s_v3,2,10,memory,2
southeastasia,Standard_D2s_v3,2,10,io,1
southeastasia,Standard_D2s_v3,2,10,io,2
southeastasia,Standard_D2s_v3,2,100,cpu,1
southeastasia,Standard_D2s_v3,2,100,cpu,2
southeastasia,Standard_D2s_v3,2,100,memory,1
southeastasia,Standard_D2s_v3,2,100,memory,2
southeastasia,Standard_D2s_v3,2,100,io,1
southeastasia,Standard_D2s_v3,2,100,io,2
southeastasia,Standard_D2s_v3,2,500,cpu,1
southeastasia,Standard_D2s_v3,2,500,cpu,2
southeastasia,Standard_D2s_v3,2,500,memory,1
southeastasia,Standard_D2s_v3,2,500,memory,2
southeastasia,Standard_D2s_v3,2,500,io,1
southeastasia,Standard_D2s_v3,2,500,io,2
southeastasia,Standard_D2s_v3,2,1024,cpu,1
southeastasia,Standard_D2s_v3,2,1024,cpu,2
southeastasia,Standard_D2s_v3,2,1024,memory,1
southeastasia,Standard_D2s_v3,2,1024,memory,2
southeastasia,Standard_D2s_v3,2,1024,io,1
southeastasia,Standard_D2s_v3,2,1024,io,2
southeastasia,Standard_D2s_v3,2,2048,cpu,1
southeastasia,Standard_D2s_v3,2,2048,cpu,2
southeastasia,Standard_D2s_v3,2,2048,memory,1
southeastasia,Standard_D2s_v3,2,2048,memory,2
southeastasia,Standard_D2s_v3,2,2048,io,1
southeastasia,Standard_D2s_v3,2,2048,io,2
southeastasia,Standard_D2s_v3,2,3072,cpu,1
southeastasia,Standard_D2s_v3,2,3072,cpu,2
southeastasia,Standard_D2s_v3,2,3072,memory,1
southeastasia,Standard_D2s_v3,2,3072,memory,2
southeastasia,Standard_D2s_v3,2,3072,io,1
southeastasia,Standard_D2s_v3,2,3072,io,2
southeastasia,Standard_D2s_v3,2,5120,cpu,1
southeastasia,Standard_D2s_v3,2,5120,cpu,2
southeastasia,Standard_D2s_v3,2,5120,memory,1
southeastasia,Standard_D2s_v3,2,5120,memory,2
southeastasia,Standard_D2s_v3,2,5120,io,1
southeastasia,Standard_D2s_v3,2,5120,io,2
southeastasia,Standard_D2s_v3,4,3072,io,2
southeastasia,Standard_D2s_v3,4,5120,cpu,1
southeastasia,Standard_D2s_v3,4,5120,cpu,2
southeastasia,Standard_D2s_v3,4,5120,memory,1
southeastasia,Standard_D2s_v3,4,5120,memory,2
southeastasia,Standard_D2s_v3,4,5120,io,1
southeastasia,Standard_D2s_v3,4,5120,io,2
southeastasia,Standard_D4s_v3,2,500,memory,2
southeastasia,Standard_D4s_v3,2,500,io,1
southeastasia,Standard_D4s_v3,2,500,io,2
southeastasia,Standard_D4s_v3,2,1024,cpu,1
southeastasia,Standard_D4s_v3,2,1024,cpu,2
southeastasia,Standard_D4s_v3,2,1024,memory,1
southeastasia,Standard_D4s_v3,2,1024,memory,2
southeastasia,Standard_D4s_v3,2,1024,io,1
southeastasia,Standard_D4s_v3,2,1024,io,2
southeastasia,Standard_D4s_v3,2,2048,cpu,1
southeastasia,Standard_D4s_v3,2,2048,cpu,2
southeastasia,Standard_D4s_v3,2,2048,memory,1
southeastasia,Standard_D4s_v3,2,2048,memory,2
southeastasia,Standard_D4s_v3,2,2048,io,1
southeastasia,Standard_D4s_v3,2,2048,io,2
southeastasia,Standard_D4s_v3,4,10,cpu,1
southeastasia,Standard_D4s_v3,4,10,cpu,2
southeastasia,Standard_D4s_v3,4,10,memory,1
southeastasia,Standard_D4s_v3,4,10,memory,2
southeastasia,Standard_D4s_v3,4,10,io,1
southeastasia,Standard_D4s_v3,4,10,io,2
southeastasia,Standard_D4s_v3,4,100,cpu,1
southeastasia,Standard_D4s_v3,4,100,cpu,2
southeastasia,Standard_D4s_v3,4,100,memory,1
southeastasia,Standard_D4s_v3,4,100,memory,2
southeastasia,Standard_D4s_v3,4,100,io,1
southeastasia,Standard_D4s_v3,4,100,io,2
southeastasia,Standard_D4s_v3,4,500,cpu,1
southeastasia,Standard_D4s_v3,4,500,cpu,2
southeastasia,Standard_D4s_v3,4,500,memory,1
southeastasia,Standard_D4s_v3,4,500,memory,2
southeastasia,Standard_D4s_v3,4,500,io,1
southeastasia,Standard_D4s_v3,4,500,io,2
southeastasia,Standard_D4s_v3,4,1024,cpu,1
southeastasia,Standard_D4s_v3,4,1024,cpu,2
southeastasia,Standard_D4s_v3,4,1024,memory,1
southeastasia,Standard_D4s_v3,4,1024,memory,2
southeastasia,Standard_D4s_v3,4,1024,io,1
southeastasia,Standard_D4s_v3,4,1024,io,2
southeastasia,Standard_D4s_v3,4,2048,cpu,1
southeastasia,Standard_D4s_v3,4,2048,cpu,2
southeastasia,Standard_D4s_v3,4,2048,memory,1
southeastasia,Standard_D4s_v3,4,2048,memory,2
southeastasia,Standard_D4s_v3,4,2048,io,1
southeastasia,Standard_D4s_v3,4,2048,io,2
southeastasia,Standard_D4s_v3,4,3072,cpu,1
southeastasia,Standard_D4s_v3,4,3072,cpu,2
southeastasia,Standard_D4s_v3,4,3072,memory,1
southeastasia,Standard_D4s_v3,4,3072,memory,2
southeastasia,Standard_D4s_v3,4,3072,io,1
southeastasia,Standard_D4s_v3,4,3072,io,2
southeastasia,Standard_D4s_v3,4,5120,cpu,1
southeastasia,Standard_D4s_v3,4,5120,cpu,2
southeastasia,Standard_D4s_v3,4,5120,memory,1
southeastasia,Standard_D4s_v3,4,5120,memory,2
