region,availability_zone,instance_type,vcpus,tier,price_usd_hr
ap-south-1,,m5.large,2,on-demand,0.101
ap-south-1,ap-south-1a,m5.large,2,spot,0.029
ap-south-1,ap-south-1b,m5.large,2,spot,0.0365
ap-south-1,ap-south-1c,m5.large,2,spot,0.0296
ap-southeast-1,,m5.large,2,on-demand,0.12
ap-southeast-1,ap-southeast-1a,m5.large,2,spot,0.0499
ap-southeast-1,ap-southeast-1b,m5.large,2,spot,0.0485
ap-southeast-1,ap-southeast-1c,m5.large,2,spot,0.0453
ap-south-1,,m5.xlarge,4,on-demand,0.202
ap-south-1,ap-south-1a,m5.xlarge,4,spot,0.0588
ap-south-1,ap-south-1b,m5.xlarge,4,spot,0.0711
ap-south-1,ap-south-1c,m5.xlarge,4,spot,0.0556
ap-southeast-1,,m5.xlarge,4,on-demand,0.24
ap-southeast-1,ap-southeast-1a,m5.xlarge,4,spot,0.0856
ap-southeast-1,ap-southeast-1b,m5.xlarge,4,spot,0.0864
ap-southeast-1,ap-southeast-1c,m5.xlarge,4,spot,0.0585
ap-south-1,,m5.2xlarge,8,on-demand,0.404
ap-south-1,ap-south-1a,m5.2xlarge,8,spot,0.1199
ap-south-1,ap-south-1b,m5.2xlarge,8,spot,0.1569
ap-south-1,ap-south-1c,m5.2xlarge,8,spot,0.1449
ap-southeast-1,,m5.2xlarge,8,on-demand,0.48
ap-southeast-1,ap-southeast-1a,m5.2xlarge,8,spot,0.1849
ap-southeast-1,ap-southeast-1b,m5.2xlarge,8,spot,0.1834
ap-southeast-1,ap-southeast-1c,m5.2xlarge,8,spot,0.1783
ap-south-1,,m5.4xlarge,16,on-demand,0.808
ap-south-1,ap-south-1a,m5.4xlarge,16,spot,0.263
ap-south-1,ap-south-1b,m5.4xlarge,16,spot,0.3247
ap-south-1,ap-south-1c,m5.4xlarge,16,spot,0.2068
ap-southeast-1,,m5.4xlarge,16,on-demand,0.96
ap-southeast-1,ap-southeast-1a,m5.4xlarge,16,spot,0.3681
ap-southeast-1,ap-southeast-1b,m5.4xlarge,16,spot,0.3851
ap-southeast-1,ap-southeast-1c,m5.4xlarge,16,spot,0.3897
ap-south-1,,c5.large,2,on-demand,0.085
ap-south-1,ap-south-1a,c5.large,2,spot,0.0264
ap-south-1,ap-south-1b,c5.large,2,spot,0.0243
ap-south-1,ap-south-1c,c5.large,2,spot,0.029
ap-southeast-1,,c5.large,2,on-demand,0.098
ap-southeast-1,ap-southeast-1a,c5.large,2,spot,0.0357
ap-southeast-1,ap-southeast-1b,c5.large,2,spot,0.0375
ap-southeast-1,ap-southeast-1c,c5.large,2,spot,0.0379
ap-south-1,,c5.xlarge,4,on-demand,0.17
ap-south-1,ap-south-1a,c5.xlarge,4,spot,0.0546
ap-south-1,ap-south-1b,c5.xlarge,4,spot,0.0497
ap-south-1,ap-south-1c,c5.xlarge,4,spot,0.0665
ap-southeast-1,,c5.xlarge,4,on-demand,0.196
ap-southeast-1,ap-southeast-1a,c5.xlarge,4,spot,0.0819
ap-southeast-1,ap-southeast-1b,c5.xlarge,4,spot,0.0879
ap-southeast-1,ap-southeast-1c,c5.xlarge,4,spot,0.0867
ap-south-1,,c5.2xlarge,8,on-demand,0.34
ap-south-1,ap-south-1a,c5.2xlarge,8,spot,0.1064
ap-south-1,ap-south-1b,c5.2xlarge,8,spot,0.1002
ap-south-1,ap-south-1c,c5.2xlarge,8,spot,0.1104
ap-southeast-1,,c5.2xlarge,8,on-demand,0.392
ap-southeast-1,ap-southeast-1a,c5.2xlarge,8,spot,0.1647
ap-southeast-1,ap-southeast-1b,c5.2xlarge,8,spot,0.1738
ap-southeast-1,ap-southeast-1c,c5.2xlarge,8,spot,0.1772
ap-south-1,,c5.4xlarge,16,on-demand,0.68
ap-south-1,ap-south-1a,c5.4xlarge,16,spot,0.1295
ap-south-1,ap-south-1b,c5.4xlarge,16,spot,0.1356
ap-south-1,ap-south-1c,c5.4xlarge,16,spot,0.1331
ap-southeast-1,,c5.4xlarge,16,on-demand,0.784
ap-southeast-1,ap-southeast-1a,c5.4xlarge,16,spot,0.2756
ap-southeast-1,ap-southeast-1b,c5.4xlarge,16,spot,0.2883
ap-southeast-1,ap-southeast-1c,c5.4xlarge,16,spot,0.3029
ap-south-1,,m5a.large,2,on-demand,0.056
ap-south-1,ap-south-1a,m5a.large,2,spot,0.0279
ap-south-1,ap-south-1b,m5a.large,2,spot,0.0263
ap-south-1,ap-south-1c,m5a.large,2,spot,0.0243
ap-southeast-1,,m5a.large,2,on-demand,0.108
ap-southeast-1,ap-southeast-1a,m5a.large,2,spot,0.0558
ap-southeast-1,ap-southeast-1b,m5a.large,2,spot,0.0612
ap-southeast-1,ap-southeast-1c,m5a.large,2,spot,0.0503
ap-south-1,,m5a.xlarge,4,on-demand,0.111
ap-south-1,ap-south-1a,m5a.xlarge,4,spot,0.0506
ap-south-1,ap-south-1b,m5a.xlarge,4,spot,0.0554
ap-south-1,ap-south-1c,m5a.xlarge,4,spot,0.0591
ap-southeast-1,,m5a.xlarge,4,on-demand,0.216
ap-southeast-1,ap-southeast-1a,m5a.xlarge,4,spot,0.1206
ap-southeast-1,ap-southeast-1b,m5a.xlarge,4,spot,0.1301
ap-southeast-1,ap-southeast-1c,m5a.xlarge,4,spot,0.1064
ap-south-1,,m5a.2xlarge,8,on-demand,0.222
ap-south-1,ap-south-1a,m5a.2xlarge,8,spot,0.1121
ap-south-1,ap-south-1b,m5a.2xlarge,8,spot,0.1108
ap-south-1,ap-south-1c,m5a.2xlarge,8,spot,0.1137
ap-southeast-1,,m5a.2xlarge,8,on-demand,0.432
ap-southeast-1,ap-southeast-1a,m5a.2xlarge,8,spot,0.236
ap-southeast-1,ap-southeast-1b,m5a.2xlarge,8,spot,0.2394
ap-southeast-1,ap-southeast-1c,m5a.2xlarge,8,spot,0.2279
ap-south-1,,m5a.4xlarge,16,on-demand,0.444
ap-south-1,ap-south-1a,m5a.4xlarge,16,spot,0.2108
ap-south-1,ap-south-1b,m5a.4xlarge,16,spot,0.2051
ap-south-1,ap-south-1c,m5a.4xlarge,16,spot,0.2006
ap-southeast-1,,m5a.4xlarge,16,on-demand,0.864
ap-southeast-1,ap-southeast-1a,m5a.4xlarge,16,spot,0.5117
ap-southeast-1,ap-southeast-1b,m5a.4xlarge,16,spot,0.4806
ap-southeast-1,ap-southeast-1c,m5a.4xlarge,16,spot,0.5062
ap-south-1,,m6i.large,2,on-demand,0.101
ap-south-1,ap-south-1a,m6i.large,2,spot,0.0356
ap-south-1,ap-south-1b,m6i.large,2,spot,0.0341
ap-south-1,ap-south-1c,m6i.large,2,spot,0.041
ap-southeast-1,,m6i.large,2,on-demand,0.12
ap-southeast-1,ap-southeast-1a,m6i.large,2,spot,0.0529
ap-southeast-1,ap-southeast-1b,m6i.large,2,spot,0.0572
ap-southeast-1,ap-southeast-1c,m6i.large,2,spot,0.0506
ap-south-1,,m6i.xlarge,4,on-demand,0.202
ap-south-1,ap-south-1a,m6i.xlarge,4,spot,0.0661
ap-south-1,ap-south-1b,m6i.xlarge,4,spot,0.0612
ap-south-1,ap-south-1c,m6i.xlarge,4,spot,0.0717
ap-southeast-1,,m6i.xlarge,4,on-demand,0.24
ap-southeast-1,ap-southeast-1a,m6i.xlarge,4,spot,0.0942
ap-southeast-1,ap-southeast-1b,m6i.xlarge,4,spot,0.141
ap-southeast-1,ap-southeast-1c,m6i.xlarge,4,spot,0.1385
ap-south-1,,m6i.2xlarge,8,on-demand,0.404
ap-south-1,ap-south-1a,m6i.2xlarge,8,spot,0.1566
ap-south-1,ap-south-1b,m6i.2xlarge,8,spot,0.1438
ap-south-1,ap-south-1c,m6i.2xlarge,8,spot,0.1484
ap-southeast-1,,m6i.2xlarge,8,on-demand,0.48
ap-southeast-1,ap-southeast-1a,m6i.2xlarge,8,spot,0.1809
ap-southeast-1,ap-southeast-1b,m6i.2xlarge,8,spot,0.2311
ap-southeast-1,ap-southeast-1c,m6i.2xlarge,8,spot,0.1851
ap-south-1,,m6i.4xlarge,16,on-demand,0.808
ap-south-1,ap-south-1a,m6i.4xlarge,16,spot,0.2144
ap-south-1,ap-south-1b,m6i.4xlarge,16,spot,0.2198
ap-south-1,ap-south-1c,m6i.4xlarge,16,spot,0.264
ap-southeast-1,,m6i.4xlarge,16,on-demand,0.96
ap-southeast-1,ap-southeast-1a,m6i.4xlarge,16,spot,0.3885
ap-southeast-1,ap-southeast-1b,m6i.4xlarge,16,spot,0.4947
ap-southeast-1,ap-southeast-1c,m6i.4xlarge,16,spot,0.4017
ap-south-1,,c6i.large,2,on-demand,0.085
ap-south-1,ap-south-1a,c6i.large,2,spot,0.0282
ap-south-1,ap-south-1b,c6i.large,2,spot,0.0272
ap-south-1,ap-south-1c,c6i.large,2,spot,0.0252
ap-southeast-1,,c6i.large,2,on-demand,0.098
ap-southeast-1,ap-southeast-1a,c6i.large,2,spot,0.037
ap-southeast-1,ap-southeast-1b,c6i.large,2,spot,0.0381
ap-southeast-1,ap-southeast-1c,c6i.large,2,spot,0.0359
ap-south-1,,c6i.xlarge,4,on-demand,0.17
ap-south-1,ap-south-1a,c6i.xlarge,4,spot,0.0665
ap-south-1,ap-south-1b,c6i.xlarge,4,spot,0.0656
ap-south-1,ap-south-1c,c6i.xlarge,4,spot,0.0657
ap-southeast-1,,c6i.xlarge,4,on-demand,0.196
ap-southeast-1,ap-southeast-1a,c6i.xlarge,4,spot,0.0921
ap-southeast-1,ap-southeast-1b,c6i.xlarge,4,spot,0.0937
ap-southeast-1,ap-southeast-1c,c6i.xlarge,4,spot,0.0819
ap-south-1,,c6i.2xlarge,8,on-demand,0.34
ap-south-1,ap-south-1a,c6i.2xlarge,8,spot,0.1449
ap-south-1,ap-south-1b,c6i.2xlarge,8,spot,0.0981
ap-south-1,ap-south-1c,c6i.2xlarge,8,spot,0.1114
ap-southeast-1,,c6i.2xlarge,8,on-demand,0.392
ap-southeast-1,ap-southeast-1a,c6i.2xlarge,8,spot,0.1804
ap-southeast-1,ap-southeast-1b,c6i.2xlarge,8,spot,0.1915
ap-southeast-1,ap-southeast-1c,c6i.2xlarge,8,spot,0.1782
ap-south-1,,c6i.4xlarge,16,on-demand,0.68
ap-south-1,ap-south-1a,c6i.4xlarge,16,spot,0.2716
ap-south-1,ap-south-1b,c6i.4xlarge,16,spot,0.2074
ap-south-1,ap-south-1c,c6i.4xlarge,16,spot,0.2477
ap-southeast-1,,c6i.4xlarge,16,on-demand,0.784
ap-southeast-1,ap-southeast-1a,c6i.4xlarge,16,spot,0.376
ap-southeast-1,ap-southeast-1b,c6i.4xlarge,16,spot,0.3926
ap-southeast-1,ap-southeast-1c,c6i.4xlarge,16,spot,0.39
ap-south-1,,c5a.large,2,on-demand,0.047
ap-south-1,ap-south-1a,c5a.large,2,spot,0.0223
ap-south-1,ap-south-1b,c5a.large,2,spot,0.0213
ap-south-1,ap-south-1c,c5a.large,2,spot,0.0214
ap-southeast-1,,c5a.large,2,on-demand,0.088
ap-southeast-1,ap-southeast-1a,c5a.large,2,spot,0.0409
ap-southeast-1,ap-southeast-1b,c5a.large,2,spot,0.0427
ap-southeast-1,ap-southeast-1c,c5a.large,2,spot,0.0437
ap-south-1,,c5a.xlarge,4,on-demand,0.094
ap-south-1,ap-south-1a,c5a.xlarge,4,spot,0.0499
ap-south-1,ap-south-1b,c5a.xlarge,4,spot,0.0507
ap-south-1,ap-south-1c,c5a.xlarge,4,spot,0.0548
ap-southeast-1,,c5a.xlarge,4,on-demand,0.176
ap-southeast-1,ap-southeast-1a,c5a.xlarge,4,spot,0.0875
ap-southeast-1,ap-southeast-1b,c5a.xlarge,4,spot,0.0938
ap-southeast-1,ap-southeast-1c,c5a.xlarge,4,spot,0.0818
ap-south-1,,c5a.2xlarge,8,on-demand,0.188
ap-south-1,ap-south-1a,c5a.2xlarge,8,spot,0.1111
ap-south-1,ap-south-1b,c5a.2xlarge,8,spot,0.1
ap-south-1,ap-south-1c,c5a.2xlarge,8,spot,0.1138
ap-southeast-1,,c5a.2xlarge,8,on-demand,0.352
ap-southeast-1,ap-southeast-1a,c5a.2xlarge,8,spot,0.1712
ap-southeast-1,ap-southeast-1b,c5a.2xlarge,8,spot,0.1773
ap-southeast-1,ap-southeast-1c,c5a.2xlarge,8,spot,0.1723
ap-south-1,,c5a.4xlarge,16,on-demand,0.376
ap-south-1,ap-south-1a,c5a.4xlarge,16,spot,0.1842
ap-south-1,ap-south-1b,c5a.4xlarge,16,spot,0.1701
ap-south-1,ap-south-1c,c5a.4xlarge,16,spot,0.201
ap-southeast-1,,c5a.4xlarge,16,on-demand,0.704
ap-southeast-1,ap-southeast-1a,c5a.4xlarge,16,spot,0.3499
ap-southeast-1,ap-southeast-1b,c5a.4xlarge,16,spot,0.3681
ap-southeast-1,ap-southeast-1c,c5a.4xlarge,16,spot,0.3217
